ASIN,产品名称,评论数,star,品牌词,关键词1(品牌+产品),关键词2(品牌+型号),搜索量/月,CPC最小(RMB),CPC最大(RMB)
B0D4DVQDR4,RENPHO Foot Massager Machine with Heat,30362,4.3,RENPHO,RENPHO Foot Massager Machine,RENPHO Foot,2900,23.69,125.27
B0D4DVQDR4,RENPHO Foot Massager Machine with Heat,30362,4.3,RENPHO,RENPHO Foot Massager Machine,RENPHO Foot,3600,24.68,116.72
B0D4DVQDR4,RENPHO Foot Massager Machine with Heat,30362,4.3,RENPHO,RENPHO Foot Massager Machine,RENPHO Foot,6600,15.59,98.11
B0D4DVQDR4,RENPHO Foot Massager Machine with Heat,30362,4.3,RENPHO,RENPHO Foot Massager Machine,RENPHO Foot,320,14.64,108.72
B0D4DVQDR4,RENPHO Foot Massager Machine with Heat,30362,4.3,RENPHO,RENPHO Foot Massager Machine,RENPHO Foot,480,16.32,101.41
B0D4DVQDR4,RENPHO Foot Massager Machine with Heat,30362,4.3,RENPHO,RENPHO Foot Massager Machine,RENPHO Foot,170,34.64,119.98
B0D4DVQDR4,RENPHO Foot Massager Machine with Heat,30362,4.3,RENPHO,RENPHO Foot Massager Machine,RENPHO Foot,20,9.13,70.84
B0D4DVQDR4,RENPHO Foot Massager Machine with Heat,30362,4.3,RENPHO,RENPHO Foot Massager Machine,RENPHO Foot,10,0.0,0.0
B0D4DVQDR4,RENPHO Foot Massager Machine with Heat,30362,4.3,RENPHO,RENPHO Foot Massager Machine,RENPHO Foot,320,18.58,121.11
B0D4DVQDR4,RENPHO Foot Massager Machine with Heat,30362,4.3,RENPHO,RENPHO Foot Massager Machine,RENPHO Foot,10,36.41,70.84
B0D4DVQDR4,RENPHO Foot Massager Machine with Heat,30362,4.3,RENPHO,RENPHO Foot Massager Machine,RENPHO Foot,10,0.0,0.0
B0D4DVQDR4,RENPHO Foot Massager Machine with Heat,30362,4.3,RENPHO,RENPHO Foot Massager Machine,RENPHO Foot,90,21.26,195.23
B0D4DVQDR4,RENPHO Foot Massager Machine with Heat,30362,4.3,RENPHO,RENPHO Foot Massager Machine,RENPHO Foot,20,13.74,79.6
B0D4DVQDR4,RENPHO Foot Massager Machine with Heat,30362,4.3,RENPHO,RENPHO Foot Massager Machine,RENPHO Foot,10,0.0,0.0
B0D4DVQDR4,RENPHO Foot Massager Machine with Heat,30362,4.3,RENPHO,RENPHO Foot Massager Machine,RENPHO Foot,880,25.39,90.02
B0D4DVQDR4,RENPHO Foot Massager Machine with Heat,30362,4.3,RENPHO,RENPHO Foot Massager Machine,RENPHO Foot,170,13.59,121.42
B0D4DVQDR4,RENPHO Foot Massager Machine with Heat,30362,4.3,RENPHO,RENPHO Foot Massager Machine,RENPHO Foot,30,6.59,36.05
B0D4DVQDR4,RENPHO Foot Massager Machine with Heat,30362,4.3,RENPHO,RENPHO Foot Massager Machine,RENPHO Foot,390,27.95,64.7
B0D4DVQDR4,RENPHO Foot Massager Machine with Heat,30362,4.3,RENPHO,RENPHO Foot Massager Machine,RENPHO Foot,10,13.55,60.71
B0D4DVQDR4,RENPHO Foot Massager Machine with Heat,30362,4.3,RENPHO,RENPHO Foot Massager Machine,RENPHO Foot,10,0.0,0.0
B0D4DVQDR4,RENPHO Foot Massager Machine with Heat,30362,4.3,RENPHO,RENPHO Foot Massager Machine,RENPHO Foot,10,26.24,62.96
B0D4DVQDR4,RENPHO Foot Massager Machine with Heat,30362,4.3,RENPHO,RENPHO Foot Massager Machine,RENPHO Foot,10,0.0,0.0
B0D4DVQDR4,RENPHO Foot Massager Machine with Heat,30362,4.3,RENPHO,RENPHO Foot Massager Machine,RENPHO Foot,70,11.39,60.08
B0D4DVQDR4,RENPHO Foot Massager Machine with Heat,30362,4.3,RENPHO,RENPHO Foot Massager Machine,RENPHO Foot,20,5.67,58.56
B0D4DVQDR4,RENPHO Foot Massager Machine with Heat,30362,4.3,RENPHO,RENPHO Foot Massager Machine,RENPHO Foot,10,0.0,0.0
B0D4DVQDR4,RENPHO Foot Massager Machine with Heat,30362,4.3,RENPHO,RENPHO Foot Massager Machine,RENPHO Foot,10,9.83,70.84
B0D4DVQDR4,RENPHO Foot Massager Machine with Heat,30362,4.3,RENPHO,RENPHO Foot Massager Machine,RENPHO Foot,30,10.14,186.27
B0D4DVQDR4,RENPHO Foot Massager Machine with Heat,30362,4.3,RENPHO,RENPHO Foot Massager Machine,RENPHO Foot,10,0.0,0.0
B0D4DVQDR4,RENPHO Foot Massager Machine with Heat,30362,4.3,RENPHO,RENPHO Foot Massager Machine,RENPHO Foot,10,0.0,0.0
B0D4DVQDR4,RENPHO Foot Massager Machine with Heat,30362,4.3,RENPHO,RENPHO Foot Massager Machine,RENPHO Foot,70,9.45,76.31
B0D4DVQDR4,RENPHO Foot Massager Machine with Heat,30362,4.3,RENPHO,RENPHO Foot Massager Machine,RENPHO Foot,10,0.0,0.0
B0CQ2QHHG9,RENPHO Leg Massager with Heat,7235,4.0,RENPHO,RENPHO Leg Massager Heat,RENPHO Leg,140,0.0,0.0
B0CQ2QHHG9,RENPHO Leg Massager with Heat,7235,4.0,RENPHO,RENPHO Leg Massager Heat,RENPHO Leg,480,9.74,53.12
B0CQ2QHHG9,RENPHO Leg Massager with Heat,7235,4.0,RENPHO,RENPHO Leg Massager Heat,RENPHO Leg,10,0.0,0.0
B0CQ2QHHG9,RENPHO Leg Massager with Heat,7235,4.0,RENPHO,RENPHO Leg Massager Heat,RENPHO Leg,10,10.86,40.94
B0CQ2QHHG9,RENPHO Leg Massager with Heat,7235,4.0,RENPHO,RENPHO Leg Massager Heat,RENPHO Leg,260,16.53,70.62
B0CQ2QHHG9,RENPHO Leg Massager with Heat,7235,4.0,RENPHO,RENPHO Leg Massager Heat,RENPHO Leg,140,42.12,75.23
B0CQ2QHHG9,RENPHO Leg Massager with Heat,7235,4.0,RENPHO,RENPHO Leg Massager Heat,RENPHO Leg,10,9.83,70.84
B0CQ2QHHG9,RENPHO Leg Massager with Heat,7235,4.0,RENPHO,RENPHO Leg Massager Heat,RENPHO Leg,10,0.0,0.0
B0CQ2QHHG9,RENPHO Leg Massager with Heat,7235,4.0,RENPHO,RENPHO Leg Massager Heat,RENPHO Leg,0,0.0,0.0
B0CGPS5KGC,RENPHO Thermacool Massage Gun,3971,4.7,RENPHO,RENPHO Thermacool Massage Gun,RENPHO Thermacool,390,14.45,121.13
B0DCTS4KLS,Dog Grass Large Potty Patch,2489,4.0,Dog Grass,Dog Grass Large Potty Patch,Dog Grass Large,70,19.26,97.5
B0DCTS4KLS,Dog Grass Large Potty Patch,2489,4.0,Dog Grass,Dog Grass Large Potty Patch,Dog Grass Large,30,19.86,88.55
B0DCTS4KLS,Dog Grass Large Potty Patch,2489,4.0,Dog Grass,Dog Grass Large Potty Patch,Dog Grass Large,20,19.83,98.57
B0DCTS4KLS,Dog Grass Large Potty Patch,2489,4.0,Dog Grass,Dog Grass Large Potty Patch,Dog Grass Large,10,0.0,0.0
B0DCTS4KLS,Dog Grass Large Potty Patch,2489,4.0,Dog Grass,Dog Grass Large Potty Patch,Dog Grass Large,70,19.26,97.5
B0DCTS4KLS,Dog Grass Large Potty Patch,2489,4.0,Dog Grass,Dog Grass Large Potty Patch,Dog Grass Large,10,0.0,0.0
B0DCTS4KLS,Dog Grass Large Potty Patch,2489,4.0,Dog Grass,Dog Grass Large Potty Patch,Dog Grass Large,10,0.0,0.0
B0DCTS4KLS,Dog Grass Large Potty Patch,2489,4.0,Dog Grass,Dog Grass Large Potty Patch,Dog Grass Large,0,0.0,0.0
B0DCTS4KLS,Dog Grass Large Potty Patch,2489,4.0,Dog Grass,Dog Grass Large Potty Patch,Dog Grass Large,10,0.0,0.0
B0DCTS4KLS,Dog Grass Large Potty Patch,2489,4.0,Dog Grass,Dog Grass Large Potty Patch,Dog Grass Large,10,0.0,0.0
B0DCTS4KLS,Dog Grass Large Potty Patch,2489,4.0,Dog Grass,Dog Grass Large Potty Patch,Dog Grass Large,0,0.0,0.0
B07ZJND4FS,Custom Coat GM White Urethane,1954,4.6,Custom Coat,Custom Coat GM White Urethane,Custom Coat GM,0,0.0,0.0
B0CVQVC17N,FORM 36 Volt Golf Cart Battery Charger,1825,4.6,FORM,FORM 36 Volt Golf,FORM 36,10,0.0,0.0
B0CVQVC17N,FORM 36 Volt Golf Cart Battery Charger,1825,4.6,FORM,FORM 36 Volt Golf,FORM 36,0,0.0,0.0
B0CLNT8Y2G,ALLWEI LiFePO4 Portable Power Station,1730,4.5,ALLWEI,ALLWEI LiFePO4 Portable Power,ALLWEI LiFePO4,0,0.0,0.0
B0CQYM4ML1,ALLWEI LiFePO4 Portable Power Station 24,1729,4.5,ALLWEI,ALLWEI LiFePO4 Portable Power,ALLWEI LiFePO4,0,0.0,0.0
B01N2LP1I0,DELIE 010 High Compression Girdle,1625,4.2,DELIE,DELIE 010 High Compression,DELIE 010,0,0.0,0.0
B085QKQ3HD,GROWNSY UV Sanitizer and Dryer,1435,4.5,GROWNSY,GROWNSY UV Sanitizer Dryer,GROWNSY UV,30,30.6,94.89
B085QKQ3HD,GROWNSY UV Sanitizer and Dryer,1435,4.5,GROWNSY,GROWNSY UV Sanitizer Dryer,GROWNSY UV,0,0.0,0.0
B0CTXXZSML,RENPHO Foot Massager with Heat,1429,4.5,RENPHO,RENPHO Foot Massager Heat,RENPHO Foot,18100,16.53,88.9
B0CTXXZSML,RENPHO Foot Massager with Heat,1429,4.5,RENPHO,RENPHO Foot Massager Heat,RENPHO Foot,6600,15.59,98.11
B0CTXXZSML,RENPHO Foot Massager with Heat,1429,4.5,RENPHO,RENPHO Foot Massager Heat,RENPHO Foot,2900,23.69,125.27
B0CTXXZSML,RENPHO Foot Massager with Heat,1429,4.5,RENPHO,RENPHO Foot Massager Heat,RENPHO Foot,880,12.28,60.09
B0CTXXZSML,RENPHO Foot Massager with Heat,1429,4.5,RENPHO,RENPHO Foot Massager Heat,RENPHO Foot,210,10.11,70.84
B0CTXXZSML,RENPHO Foot Massager with Heat,1429,4.5,RENPHO,RENPHO Foot Massager Heat,RENPHO Foot,320,9.67,75.71
B0CTXXZSML,RENPHO Foot Massager with Heat,1429,4.5,RENPHO,RENPHO Foot Massager Heat,RENPHO Foot,320,10.03,62.23
B0CTXXZSML,RENPHO Foot Massager with Heat,1429,4.5,RENPHO,RENPHO Foot Massager Heat,RENPHO Foot,320,18.58,121.11
B0CTXXZSML,RENPHO Foot Massager with Heat,1429,4.5,RENPHO,RENPHO Foot Massager Heat,RENPHO Foot,90,16.53,97.4
B0CTXXZSML,RENPHO Foot Massager with Heat,1429,4.5,RENPHO,RENPHO Foot Massager Heat,RENPHO Foot,50,24.72,162.88
B0CTXXZSML,RENPHO Foot Massager with Heat,1429,4.5,RENPHO,RENPHO Foot Massager Heat,RENPHO Foot,70,12.65,97.49
B0CTXXZSML,RENPHO Foot Massager with Heat,1429,4.5,RENPHO,RENPHO Foot Massager Heat,RENPHO Foot,10,0.0,0.0
B0CTXXZSML,RENPHO Foot Massager with Heat,1429,4.5,RENPHO,RENPHO Foot Massager Heat,RENPHO Foot,40,11.57,82.2
B0CTXXZSML,RENPHO Foot Massager with Heat,1429,4.5,RENPHO,RENPHO Foot Massager Heat,RENPHO Foot,880,25.39,90.02
B0CTXXZSML,RENPHO Foot Massager with Heat,1429,4.5,RENPHO,RENPHO Foot Massager Heat,RENPHO Foot,170,13.59,121.42
B0CTXXZSML,RENPHO Foot Massager with Heat,1429,4.5,RENPHO,RENPHO Foot Massager Heat,RENPHO Foot,30,6.59,36.05
B0CTXXZSML,RENPHO Foot Massager with Heat,1429,4.5,RENPHO,RENPHO Foot Massager Heat,RENPHO Foot,140,42.12,75.23
B0CTXXZSML,RENPHO Foot Massager with Heat,1429,4.5,RENPHO,RENPHO Foot Massager Heat,RENPHO Foot,390,27.95,64.7
B0CTXXZSML,RENPHO Foot Massager with Heat,1429,4.5,RENPHO,RENPHO Foot Massager Heat,RENPHO Foot,10,26.24,62.96
B0CTXXZSML,RENPHO Foot Massager with Heat,1429,4.5,RENPHO,RENPHO Foot Massager Heat,RENPHO Foot,30,2.55,70.84
B0CTXXZSML,RENPHO Foot Massager with Heat,1429,4.5,RENPHO,RENPHO Foot Massager Heat,RENPHO Foot,70,11.39,60.08
B0CTXXZSML,RENPHO Foot Massager with Heat,1429,4.5,RENPHO,RENPHO Foot Massager Heat,RENPHO Foot,20,5.67,58.56
B0CTXXZSML,RENPHO Foot Massager with Heat,1429,4.5,RENPHO,RENPHO Foot Massager Heat,RENPHO Foot,10,0.0,0.0
B0CTXXZSML,RENPHO Foot Massager with Heat,1429,4.5,RENPHO,RENPHO Foot Massager Heat,RENPHO Foot,70,13.22,70.84
B0CTXXZSML,RENPHO Foot Massager with Heat,1429,4.5,RENPHO,RENPHO Foot Massager Heat,RENPHO Foot,30,10.14,186.27
B0CTXXZSML,RENPHO Foot Massager with Heat,1429,4.5,RENPHO,RENPHO Foot Massager Heat,RENPHO Foot,110,9.63,55.26
B0CTXXZSML,RENPHO Foot Massager with Heat,1429,4.5,RENPHO,RENPHO Foot Massager Heat,RENPHO Foot,10,0.0,0.0
B0CTXXZSML,RENPHO Foot Massager with Heat,1429,4.5,RENPHO,RENPHO Foot Massager Heat,RENPHO Foot,140,7.79,51.95
B0CTXXZSML,RENPHO Foot Massager with Heat,1429,4.5,RENPHO,RENPHO Foot Massager Heat,RENPHO Foot,10,0.0,0.0
B0CTXXZSML,RENPHO Foot Massager with Heat,1429,4.5,RENPHO,RENPHO Foot Massager Heat,RENPHO Foot,10,0.0,0.0
B0CTXXZSML,RENPHO Foot Massager with Heat,1429,4.5,RENPHO,RENPHO Foot Massager Heat,RENPHO Foot,70,9.45,76.31
B0CTXXZSML,RENPHO Foot Massager with Heat,1429,4.5,RENPHO,RENPHO Foot Massager Heat,RENPHO Foot,10,0.0,0.0
B0CTXXZSML,RENPHO Foot Massager with Heat,1429,4.5,RENPHO,RENPHO Foot Massager Heat,RENPHO Foot,0,0.0,0.0
B099GP11JW,Emraw Quad Ruled Notebook Spiral,1295,4.6,Emraw,Emraw Quad Ruled Notebook,Emraw Quad,0,0.0,0.0
B0B76QSBSY,Lumos Ultra Smart Bike Helmet Customize,1202,4.6,Lumos,Lumos Ultra Smart Bike,Lumos Ultra,480,17.47,94.13
B0B76QSBSY,Lumos Ultra Smart Bike Helmet Customize,1202,4.6,Lumos,Lumos Ultra Smart Bike,Lumos Ultra,260,10.74,45.13
B0B76QSBSY,Lumos Ultra Smart Bike Helmet Customize,1202,4.6,Lumos,Lumos Ultra Smart Bike,Lumos Ultra,50,13.7,40.14
B0B76QSBSY,Lumos Ultra Smart Bike Helmet Customize,1202,4.6,Lumos,Lumos Ultra Smart Bike,Lumos Ultra,30,16.76,142.67
B0B76QSBSY,Lumos Ultra Smart Bike Helmet Customize,1202,4.6,Lumos,Lumos Ultra Smart Bike,Lumos Ultra,0,0.0,0.0
B0B76QSBSY,Lumos Ultra Smart Bike Helmet Customize,1202,4.6,Lumos,Lumos Ultra Smart Bike,Lumos Ultra,0,0.0,0.0
B07MCM8NQY,Valera 70in Green Screen Backdrop,710,4.3,Valera,Valera 70in Green Screen,Valera 70in,0,0.0,0.0
B0CN6962N1,Heavy Duty Fire Pit Tools Set,613,4.8,Heavy,Heavy Duty Fire Pit Tools,Heavy Duty Fire,70,11.31,81.85
B0CN6962N1,Heavy Duty Fire Pit Tools Set,613,4.8,Heavy,Heavy Duty Fire Pit Tools,Heavy Duty Fire,10,22.21,123.4
B0CN6962N1,Heavy Duty Fire Pit Tools Set,613,4.8,Heavy,Heavy Duty Fire Pit Tools,Heavy Duty Fire,170,0.0,0.0
B0CN6962N1,Heavy Duty Fire Pit Tools Set,613,4.8,Heavy,Heavy Duty Fire Pit Tools,Heavy Duty Fire,10,0.0,0.0
B0CN6962N1,Heavy Duty Fire Pit Tools Set,613,4.8,Heavy,Heavy Duty Fire Pit Tools,Heavy Duty Fire,110,15.49,50.01
B0CN6962N1,Heavy Duty Fire Pit Tools Set,613,4.8,Heavy,Heavy Duty Fire Pit Tools,Heavy Duty Fire,210,10.07,57.87
B0CN6962N1,Heavy Duty Fire Pit Tools Set,613,4.8,Heavy,Heavy Duty Fire Pit Tools,Heavy Duty Fire,210,0.0,0.0
B0CN6962N1,Heavy Duty Fire Pit Tools Set,613,4.8,Heavy,Heavy Duty Fire Pit Tools,Heavy Duty Fire,110,15.49,50.01
B0CN6962N1,Heavy Duty Fire Pit Tools Set,613,4.8,Heavy,Heavy Duty Fire Pit Tools,Heavy Duty Fire,20,0.0,0.0
B0CN6962N1,Heavy Duty Fire Pit Tools Set,613,4.8,Heavy,Heavy Duty Fire Pit Tools,Heavy Duty Fire,30,0.0,0.0
B0CN6962N1,Heavy Duty Fire Pit Tools Set,613,4.8,Heavy,Heavy Duty Fire Pit Tools,Heavy Duty Fire,10,0.0,0.0
B09GNX8GGT,Xtreme Mats Golf Cart Floor Mat Compatible,823,4.8,Xtreme Mats,Xtreme Mats Golf Cart Floor,Xtreme Mats Golf,10,47.23,490.17
B09GNX8GGT,Xtreme Mats Golf Cart Floor Mat Compatible,823,4.8,Xtreme Mats,Xtreme Mats Golf Cart Floor,Xtreme Mats Golf,10,47.23,325.9
B09GNX8GGT,Xtreme Mats Golf Cart Floor Mat Compatible,823,4.8,Xtreme Mats,Xtreme Mats Golf Cart Floor,Xtreme Mats Golf,10,0.0,0.0
B09GNX8GGT,Xtreme Mats Golf Cart Floor Mat Compatible,823,4.8,Xtreme Mats,Xtreme Mats Golf Cart Floor,Xtreme Mats Golf,0,0.0,0.0
B086DCVHQD,Open Goal Soccer Rebounder Goal Backst,551,4.3,Open Goaaal,Open Goal Soccer Rebounder Goal,Open Goal Soccer,0,0,0
B0CVQVGZX5,FORM 48 Volt Golf Cart Battery Charger,836,4.5,FORM,FORM 48 Volt Golf,FORM 48,0,0.0,0.0
B01N45MSAV,DELIE Faja Colombiana 021 High Compression,202,4.1,DELIE,DELIE Faja Colombiana 021,DELIE Faja,0,0.0,0.0
B0C42GHHCJ,Aiwa Portable Boombox Crystal Clear Sound,396,4.1,Aiwa,Aiwa Portable Boombox Crystal,Aiwa Portable,0,0.0,0.0
B0CVQVLC8L,FORM 48 Volt Golf Cart Battery Charger,516,4.4,FORM,FORM 48 Volt Golf,FORM 48,0,0.0,0.0
B07H23Z7XT,Berkling Tools 7102 Compact Low Vibration,148,4.3,Berkling Tools,Berkling Tools 7102 Compact Low,Berkling Tools 7102,10,0.0,0.0
B07H23Z7XT,Berkling Tools 7102 Compact Low Vibration,148,4.3,Berkling Tools,Berkling Tools 7102 Compact Low,Berkling Tools 7102,0,0.0,0.0
B097C6HN17,GAMMA+ X-Evo Trimmer Microchipped Magnetic,154,4.0,GAMMA+,GAMMA+ X-Evo Trimmer Microchipped,GAMMA+ X-Evo,0,0.0,0.0
B07F1SCZ39,Large Smart Hydroponics Growing System,358,4.0,Large,Smart Hydroponics Large Growing System,Smart Hydroponics Large,0,0.0,0.0
B09TJZSFJ9,WYRESTORM 4K Webcam with AI Tracking,106,4.1,WYRESTORM,WYRESTORM 4K Webcam AI,WYRESTORM 4K,70,0.0,0.0
B09TJZSFJ9,WYRESTORM 4K Webcam with AI Tracking,106,4.1,WYRESTORM,WYRESTORM 4K Webcam AI,WYRESTORM 4K,0,0.0,0.0
B086QJVHVD,ULTRALOQ Smart Lock U-Bolt Pro with WiFi,128,4.4,ULTRALOQ,ULTRALOQ Smart Lock U-Bolt,ULTRALOQ Smart,30,68.25,185.15
B086QJVHVD,ULTRALOQ Smart Lock U-Bolt Pro with WiFi,128,4.4,ULTRALOQ,ULTRALOQ Smart Lock U-Bolt,ULTRALOQ Smart,6600,37.21,172.17
B086QJVHVD,ULTRALOQ Smart Lock U-Bolt Pro with WiFi,128,4.4,ULTRALOQ,ULTRALOQ Smart Lock U-Bolt,ULTRALOQ Smart,3600,22.68,105.11
B086QJVHVD,ULTRALOQ Smart Lock U-Bolt Pro with WiFi,128,4.4,ULTRALOQ,ULTRALOQ Smart Lock U-Bolt,ULTRALOQ Smart,720,17.8,102.96
B086QJVHVD,ULTRALOQ Smart Lock U-Bolt Pro with WiFi,128,4.4,ULTRALOQ,ULTRALOQ Smart Lock U-Bolt,ULTRALOQ Smart,590,33.63,119.67
B086QJVHVD,ULTRALOQ Smart Lock U-Bolt Pro with WiFi,128,4.4,ULTRALOQ,ULTRALOQ Smart Lock U-Bolt,ULTRALOQ Smart,170,27.37,99.65
B086QJVHVD,ULTRALOQ Smart Lock U-Bolt Pro with WiFi,128,4.4,ULTRALOQ,ULTRALOQ Smart Lock U-Bolt,ULTRALOQ Smart,480,21.65,118.59
B086QJVHVD,ULTRALOQ Smart Lock U-Bolt Pro with WiFi,128,4.4,ULTRALOQ,ULTRALOQ Smart Lock U-Bolt,ULTRALOQ Smart,480,18.89,100.08
B086QJVHVD,ULTRALOQ Smart Lock U-Bolt Pro with WiFi,128,4.4,ULTRALOQ,ULTRALOQ Smart Lock U-Bolt,ULTRALOQ Smart,480,21.65,118.59
B086QJVHVD,ULTRALOQ Smart Lock U-Bolt Pro with WiFi,128,4.4,ULTRALOQ,ULTRALOQ Smart Lock U-Bolt,ULTRALOQ Smart,90,30.72,98.59
B086QJVHVD,ULTRALOQ Smart Lock U-Bolt Pro with WiFi,128,4.4,ULTRALOQ,ULTRALOQ Smart Lock U-Bolt,ULTRALOQ Smart,50,13.34,102.49
B086QJVHVD,ULTRALOQ Smart Lock U-Bolt Pro with WiFi,128,4.4,ULTRALOQ,ULTRALOQ Smart Lock U-Bolt,ULTRALOQ Smart,90,56.67,212.72
B086QJVHVD,ULTRALOQ Smart Lock U-Bolt Pro with WiFi,128,4.4,ULTRALOQ,ULTRALOQ Smart Lock U-Bolt,ULTRALOQ Smart,10,0.0,0.0
B086QJVHVD,ULTRALOQ Smart Lock U-Bolt Pro with WiFi,128,4.4,ULTRALOQ,ULTRALOQ Smart Lock U-Bolt,ULTRALOQ Smart,20,0.0,0.0
B086QJVHVD,ULTRALOQ Smart Lock U-Bolt Pro with WiFi,128,4.4,ULTRALOQ,ULTRALOQ Smart Lock U-Bolt,ULTRALOQ Smart,90,21.73,86.64
B086QJVHVD,ULTRALOQ Smart Lock U-Bolt Pro with WiFi,128,4.4,ULTRALOQ,ULTRALOQ Smart Lock U-Bolt,ULTRALOQ Smart,10,13.82,78.51
B086QJVHVD,ULTRALOQ Smart Lock U-Bolt Pro with WiFi,128,4.4,ULTRALOQ,ULTRALOQ Smart Lock U-Bolt,ULTRALOQ Smart,10,0.0,0.0
B086QJVHVD,ULTRALOQ Smart Lock U-Bolt Pro with WiFi,128,4.4,ULTRALOQ,ULTRALOQ Smart Lock U-Bolt,ULTRALOQ Smart,480,34.33,162.72
B086QJVHVD,ULTRALOQ Smart Lock U-Bolt Pro with WiFi,128,4.4,ULTRALOQ,ULTRALOQ Smart Lock U-Bolt,ULTRALOQ Smart,320,34.56,121.24
B086QJVHVD,ULTRALOQ Smart Lock U-Bolt Pro with WiFi,128,4.4,ULTRALOQ,ULTRALOQ Smart Lock U-Bolt,ULTRALOQ Smart,90,19.8,73.2
B086QJVHVD,ULTRALOQ Smart Lock U-Bolt Pro with WiFi,128,4.4,ULTRALOQ,ULTRALOQ Smart Lock U-Bolt,ULTRALOQ Smart,50,36.26,103.42
B086QJVHVD,ULTRALOQ Smart Lock U-Bolt Pro with WiFi,128,4.4,ULTRALOQ,ULTRALOQ Smart Lock U-Bolt,ULTRALOQ Smart,40,0.0,0.0
B086QJVHVD,ULTRALOQ Smart Lock U-Bolt Pro with WiFi,128,4.4,ULTRALOQ,ULTRALOQ Smart Lock U-Bolt,ULTRALOQ Smart,30,56.67,100.77
B086QJVHVD,ULTRALOQ Smart Lock U-Bolt Pro with WiFi,128,4.4,ULTRALOQ,ULTRALOQ Smart Lock U-Bolt,ULTRALOQ Smart,90,51.95,153.63
B086QJVHVD,ULTRALOQ Smart Lock U-Bolt Pro with WiFi,128,4.4,ULTRALOQ,ULTRALOQ Smart Lock U-Bolt,ULTRALOQ Smart,40,12.28,75.94
B086QJVHVD,ULTRALOQ Smart Lock U-Bolt Pro with WiFi,128,4.4,ULTRALOQ,ULTRALOQ Smart Lock U-Bolt,ULTRALOQ Smart,110,46.5,574.8
B086QJVHVD,ULTRALOQ Smart Lock U-Bolt Pro with WiFi,128,4.4,ULTRALOQ,ULTRALOQ Smart Lock U-Bolt,ULTRALOQ Smart,50,18.89,84.07
B086QJVHVD,ULTRALOQ Smart Lock U-Bolt Pro with WiFi,128,4.4,ULTRALOQ,ULTRALOQ Smart Lock U-Bolt,ULTRALOQ Smart,30,33.1,236.14
B086QJVHVD,ULTRALOQ Smart Lock U-Bolt Pro with WiFi,128,4.4,ULTRALOQ,ULTRALOQ Smart Lock U-Bolt,ULTRALOQ Smart,20,57.15,885.68
B086QJVHVD,ULTRALOQ Smart Lock U-Bolt Pro with WiFi,128,4.4,ULTRALOQ,ULTRALOQ Smart Lock U-Bolt,ULTRALOQ Smart,20,50.82,105.08
B086QJVHVD,ULTRALOQ Smart Lock U-Bolt Pro with WiFi,128,4.4,ULTRALOQ,ULTRALOQ Smart Lock U-Bolt,ULTRALOQ Smart,50,9.92,30.31
B086QJVHVD,ULTRALOQ Smart Lock U-Bolt Pro with WiFi,128,4.4,ULTRALOQ,ULTRALOQ Smart Lock U-Bolt,ULTRALOQ Smart,70,38.54,116.94
B086QJVHVD,ULTRALOQ Smart Lock U-Bolt Pro with WiFi,128,4.4,ULTRALOQ,ULTRALOQ Smart Lock U-Bolt,ULTRALOQ Smart,10,0.0,0.0
B086QJVHVD,ULTRALOQ Smart Lock U-Bolt Pro with WiFi,128,4.4,ULTRALOQ,ULTRALOQ Smart Lock U-Bolt,ULTRALOQ Smart,90,25.77,96.82
B086QJVHVD,ULTRALOQ Smart Lock U-Bolt Pro with WiFi,128,4.4,ULTRALOQ,ULTRALOQ Smart Lock U-Bolt,ULTRALOQ Smart,10,0.0,0.0
B086QJVHVD,ULTRALOQ Smart Lock U-Bolt Pro with WiFi,128,4.4,ULTRALOQ,ULTRALOQ Smart Lock U-Bolt,ULTRALOQ Smart,50,17.0,176.98
B086QJVHVD,ULTRALOQ Smart Lock U-Bolt Pro with WiFi,128,4.4,ULTRALOQ,ULTRALOQ Smart Lock U-Bolt,ULTRALOQ Smart,10,0.0,0.0
B086QJVHVD,ULTRALOQ Smart Lock U-Bolt Pro with WiFi,128,4.4,ULTRALOQ,ULTRALOQ Smart Lock U-Bolt,ULTRALOQ Smart,10,0.0,0.0
B086QJVHVD,ULTRALOQ Smart Lock U-Bolt Pro with WiFi,128,4.4,ULTRALOQ,ULTRALOQ Smart Lock U-Bolt,ULTRALOQ Smart,20,0.0,0.0
B086QJVHVD,ULTRALOQ Smart Lock U-Bolt Pro with WiFi,128,4.4,ULTRALOQ,ULTRALOQ Smart Lock U-Bolt,ULTRALOQ Smart,10,0.0,0.0
B086QJVHVD,ULTRALOQ Smart Lock U-Bolt Pro with WiFi,128,4.4,ULTRALOQ,ULTRALOQ Smart Lock U-Bolt,ULTRALOQ Smart,30,14.29,73.01
B086QJVHVD,ULTRALOQ Smart Lock U-Bolt Pro with WiFi,128,4.4,ULTRALOQ,ULTRALOQ Smart Lock U-Bolt,ULTRALOQ Smart,90,52.9,164.17
B086QJVHVD,ULTRALOQ Smart Lock U-Bolt Pro with WiFi,128,4.4,ULTRALOQ,ULTRALOQ Smart Lock U-Bolt,ULTRALOQ Smart,20,0.0,0.0
B086QJVHVD,ULTRALOQ Smart Lock U-Bolt Pro with WiFi,128,4.4,ULTRALOQ,ULTRALOQ Smart Lock U-Bolt,ULTRALOQ Smart,90,9.35,157.68
B086QJVHVD,ULTRALOQ Smart Lock U-Bolt Pro with WiFi,128,4.4,ULTRALOQ,ULTRALOQ Smart Lock U-Bolt,ULTRALOQ Smart,50,0.0,0.0
B086QJVHVD,ULTRALOQ Smart Lock U-Bolt Pro with WiFi,128,4.4,ULTRALOQ,ULTRALOQ Smart Lock U-Bolt,ULTRALOQ Smart,40,40.62,110.36
B086QJVHVD,ULTRALOQ Smart Lock U-Bolt Pro with WiFi,128,4.4,ULTRALOQ,ULTRALOQ Smart Lock U-Bolt,ULTRALOQ Smart,10,0.0,0.0
B086QJVHVD,ULTRALOQ Smart Lock U-Bolt Pro with WiFi,128,4.4,ULTRALOQ,ULTRALOQ Smart Lock U-Bolt,ULTRALOQ Smart,50,41.56,100.09
B086QJVHVD,ULTRALOQ Smart Lock U-Bolt Pro with WiFi,128,4.4,ULTRALOQ,ULTRALOQ Smart Lock U-Bolt,ULTRALOQ Smart,10,0.0,0.0
B086QJVHVD,ULTRALOQ Smart Lock U-Bolt Pro with WiFi,128,4.4,ULTRALOQ,ULTRALOQ Smart Lock U-Bolt,ULTRALOQ Smart,10,41.13,221.15
B086QJVHVD,ULTRALOQ Smart Lock U-Bolt Pro with WiFi,128,4.4,ULTRALOQ,ULTRALOQ Smart Lock U-Bolt,ULTRALOQ Smart,10,0.0,0.0
B086QJVHVD,ULTRALOQ Smart Lock U-Bolt Pro with WiFi,128,4.4,ULTRALOQ,ULTRALOQ Smart Lock U-Bolt,ULTRALOQ Smart,10,0.0,0.0
B086QJVHVD,ULTRALOQ Smart Lock U-Bolt Pro with WiFi,128,4.4,ULTRALOQ,ULTRALOQ Smart Lock U-Bolt,ULTRALOQ Smart,10,0.0,0.0
B086QJVHVD,ULTRALOQ Smart Lock U-Bolt Pro with WiFi,128,4.4,ULTRALOQ,ULTRALOQ Smart Lock U-Bolt,ULTRALOQ Smart,20,0.0,0.0
B086QJVHVD,ULTRALOQ Smart Lock U-Bolt Pro with WiFi,128,4.4,ULTRALOQ,ULTRALOQ Smart Lock U-Bolt,ULTRALOQ Smart,10,0.0,0.0
B086QJVHVD,ULTRALOQ Smart Lock U-Bolt Pro with WiFi,128,4.4,ULTRALOQ,ULTRALOQ Smart Lock U-Bolt,ULTRALOQ Smart,20,49.12,141.69
B086QJVHVD,ULTRALOQ Smart Lock U-Bolt Pro with WiFi,128,4.4,ULTRALOQ,ULTRALOQ Smart Lock U-Bolt,ULTRALOQ Smart,30,17.47,56.67
B086QJVHVD,ULTRALOQ Smart Lock U-Bolt Pro with WiFi,128,4.4,ULTRALOQ,ULTRALOQ Smart Lock U-Bolt,ULTRALOQ Smart,20,0.0,0.0
B086QJVHVD,ULTRALOQ Smart Lock U-Bolt Pro with WiFi,128,4.4,ULTRALOQ,ULTRALOQ Smart Lock U-Bolt,ULTRALOQ Smart,40,13.22,102.49
B086QJVHVD,ULTRALOQ Smart Lock U-Bolt Pro with WiFi,128,4.4,ULTRALOQ,ULTRALOQ Smart Lock U-Bolt,ULTRALOQ Smart,40,0.0,0.0
B086QJVHVD,ULTRALOQ Smart Lock U-Bolt Pro with WiFi,128,4.4,ULTRALOQ,ULTRALOQ Smart Lock U-Bolt,ULTRALOQ Smart,320,14.03,28.54
B086QJVHVD,ULTRALOQ Smart Lock U-Bolt Pro with WiFi,128,4.4,ULTRALOQ,ULTRALOQ Smart Lock U-Bolt,ULTRALOQ Smart,70,0.0,0.0
B086QJVHVD,ULTRALOQ Smart Lock U-Bolt Pro with WiFi,128,4.4,ULTRALOQ,ULTRALOQ Smart Lock U-Bolt,ULTRALOQ Smart,20,0.0,0.0
B086QJVHVD,ULTRALOQ Smart Lock U-Bolt Pro with WiFi,128,4.4,ULTRALOQ,ULTRALOQ Smart Lock U-Bolt,ULTRALOQ Smart,20,0.0,0.0
B086QJVHVD,ULTRALOQ Smart Lock U-Bolt Pro with WiFi,128,4.4,ULTRALOQ,ULTRALOQ Smart Lock U-Bolt,ULTRALOQ Smart,10,0.0,0.0
B086QJVHVD,ULTRALOQ Smart Lock U-Bolt Pro with WiFi,128,4.4,ULTRALOQ,ULTRALOQ Smart Lock U-Bolt,ULTRALOQ Smart,10,0.0,0.0
B086QJVHVD,ULTRALOQ Smart Lock U-Bolt Pro with WiFi,128,4.4,ULTRALOQ,ULTRALOQ Smart Lock U-Bolt,ULTRALOQ Smart,10,0.0,0.0
B086QJVHVD,ULTRALOQ Smart Lock U-Bolt Pro with WiFi,128,4.4,ULTRALOQ,ULTRALOQ Smart Lock U-Bolt,ULTRALOQ Smart,10,0.0,0.0
B086QJVHVD,ULTRALOQ Smart Lock U-Bolt Pro with WiFi,128,4.4,ULTRALOQ,ULTRALOQ Smart Lock U-Bolt,ULTRALOQ Smart,0,0.0,0.0
B086QJVHVD,ULTRALOQ Smart Lock U-Bolt Pro with WiFi,128,4.4,ULTRALOQ,ULTRALOQ Smart Lock U-Bolt,ULTRALOQ Smart,20,0.0,0.0
B086QJVHVD,ULTRALOQ Smart Lock U-Bolt Pro with WiFi,128,4.4,ULTRALOQ,ULTRALOQ Smart Lock U-Bolt,ULTRALOQ Smart,10,31.47,130.3
B086QJVHVD,ULTRALOQ Smart Lock U-Bolt Pro with WiFi,128,4.4,ULTRALOQ,ULTRALOQ Smart Lock U-Bolt,ULTRALOQ Smart,10,0.0,0.0
B086QJVHVD,ULTRALOQ Smart Lock U-Bolt Pro with WiFi,128,4.4,ULTRALOQ,ULTRALOQ Smart Lock U-Bolt,ULTRALOQ Smart,10,0.0,0.0
B086QJVHVD,ULTRALOQ Smart Lock U-Bolt Pro with WiFi,128,4.4,ULTRALOQ,ULTRALOQ Smart Lock U-Bolt,ULTRALOQ Smart,10,0.0,0.0
B086QJVHVD,ULTRALOQ Smart Lock U-Bolt Pro with WiFi,128,4.4,ULTRALOQ,ULTRALOQ Smart Lock U-Bolt,ULTRALOQ Smart,70,15.59,23.61
B086QJVHVD,ULTRALOQ Smart Lock U-Bolt Pro with WiFi,128,4.4,ULTRALOQ,ULTRALOQ Smart Lock U-Bolt,ULTRALOQ Smart,10,0.0,0.0
B086QJVHVD,ULTRALOQ Smart Lock U-Bolt Pro with WiFi,128,4.4,ULTRALOQ,ULTRALOQ Smart Lock U-Bolt,ULTRALOQ Smart,10,0.0,0.0
B086QJVHVD,ULTRALOQ Smart Lock U-Bolt Pro with WiFi,128,4.4,ULTRALOQ,ULTRALOQ Smart Lock U-Bolt,ULTRALOQ Smart,10,52.46,130.32
B086QJVHVD,ULTRALOQ Smart Lock U-Bolt Pro with WiFi,128,4.4,ULTRALOQ,ULTRALOQ Smart Lock U-Bolt,ULTRALOQ Smart,10,0.0,0.0
B086QJVHVD,ULTRALOQ Smart Lock U-Bolt Pro with WiFi,128,4.4,ULTRALOQ,ULTRALOQ Smart Lock U-Bolt,ULTRALOQ Smart,0,0.0,0.0
B086QJVHVD,ULTRALOQ Smart Lock U-Bolt Pro with WiFi,128,4.4,ULTRALOQ,ULTRALOQ Smart Lock U-Bolt,ULTRALOQ Smart,10,0.0,0.0
B086QJVHVD,ULTRALOQ Smart Lock U-Bolt Pro with WiFi,128,4.4,ULTRALOQ,ULTRALOQ Smart Lock U-Bolt,ULTRALOQ Smart,10,0.0,0.0
B086QJVHVD,ULTRALOQ Smart Lock U-Bolt Pro with WiFi,128,4.4,ULTRALOQ,ULTRALOQ Smart Lock U-Bolt,ULTRALOQ Smart,10,46.28,144.86
B086QJVHVD,ULTRALOQ Smart Lock U-Bolt Pro with WiFi,128,4.4,ULTRALOQ,ULTRALOQ Smart Lock U-Bolt,ULTRALOQ Smart,10,0.0,0.0
B086QJVHVD,ULTRALOQ Smart Lock U-Bolt Pro with WiFi,128,4.4,ULTRALOQ,ULTRALOQ Smart Lock U-Bolt,ULTRALOQ Smart,20,0.0,0.0
B086QJVHVD,ULTRALOQ Smart Lock U-Bolt Pro with WiFi,128,4.4,ULTRALOQ,ULTRALOQ Smart Lock U-Bolt,ULTRALOQ Smart,10,0.0,0.0
B086QJVHVD,ULTRALOQ Smart Lock U-Bolt Pro with WiFi,128,4.4,ULTRALOQ,ULTRALOQ Smart Lock U-Bolt,ULTRALOQ Smart,40,0.0,0.0
B086QJVHVD,ULTRALOQ Smart Lock U-Bolt Pro with WiFi,128,4.4,ULTRALOQ,ULTRALOQ Smart Lock U-Bolt,ULTRALOQ Smart,10,0.0,0.0
B086QJVHVD,ULTRALOQ Smart Lock U-Bolt Pro with WiFi,128,4.4,ULTRALOQ,ULTRALOQ Smart Lock U-Bolt,ULTRALOQ Smart,10,0.0,0.0
B086QJVHVD,ULTRALOQ Smart Lock U-Bolt Pro with WiFi,128,4.4,ULTRALOQ,ULTRALOQ Smart Lock U-Bolt,ULTRALOQ Smart,10,0.0,0.0
B086QJVHVD,ULTRALOQ Smart Lock U-Bolt Pro with WiFi,128,4.4,ULTRALOQ,ULTRALOQ Smart Lock U-Bolt,ULTRALOQ Smart,10,0.0,0.0
B086QJVHVD,ULTRALOQ Smart Lock U-Bolt Pro with WiFi,128,4.4,ULTRALOQ,ULTRALOQ Smart Lock U-Bolt,ULTRALOQ Smart,10,0.0,0.0
B086QJVHVD,ULTRALOQ Smart Lock U-Bolt Pro with WiFi,128,4.4,ULTRALOQ,ULTRALOQ Smart Lock U-Bolt,ULTRALOQ Smart,10,0.0,0.0
B086QJVHVD,ULTRALOQ Smart Lock U-Bolt Pro with WiFi,128,4.4,ULTRALOQ,ULTRALOQ Smart Lock U-Bolt,ULTRALOQ Smart,50,0.0,0.0
B086QJVHVD,ULTRALOQ Smart Lock U-Bolt Pro with WiFi,128,4.4,ULTRALOQ,ULTRALOQ Smart Lock U-Bolt,ULTRALOQ Smart,10,0.0,0.0
B086QJVHVD,ULTRALOQ Smart Lock U-Bolt Pro with WiFi,128,4.4,ULTRALOQ,ULTRALOQ Smart Lock U-Bolt,ULTRALOQ Smart,10,0.0,0.0
B086QJVHVD,ULTRALOQ Smart Lock U-Bolt Pro with WiFi,128,4.4,ULTRALOQ,ULTRALOQ Smart Lock U-Bolt,ULTRALOQ Smart,30,0.0,0.0
B086QJVHVD,ULTRALOQ Smart Lock U-Bolt Pro with WiFi,128,4.4,ULTRALOQ,ULTRALOQ Smart Lock U-Bolt,ULTRALOQ Smart,10,0.0,0.0
B086QJVHVD,ULTRALOQ Smart Lock U-Bolt Pro with WiFi,128,4.4,ULTRALOQ,ULTRALOQ Smart Lock U-Bolt,ULTRALOQ Smart,10,0.0,0.0
B086QJVHVD,ULTRALOQ Smart Lock U-Bolt Pro with WiFi,128,4.4,ULTRALOQ,ULTRALOQ Smart Lock U-Bolt,ULTRALOQ Smart,10,0.0,0.0
B086QJVHVD,ULTRALOQ Smart Lock U-Bolt Pro with WiFi,128,4.4,ULTRALOQ,ULTRALOQ Smart Lock U-Bolt,ULTRALOQ Smart,10,0.0,0.0
B086QJVHVD,ULTRALOQ Smart Lock U-Bolt Pro with WiFi,128,4.4,ULTRALOQ,ULTRALOQ Smart Lock U-Bolt,ULTRALOQ Smart,10,0.0,0.0
B086QJVHVD,ULTRALOQ Smart Lock U-Bolt Pro with WiFi,128,4.4,ULTRALOQ,ULTRALOQ Smart Lock U-Bolt,ULTRALOQ Smart,20,0.0,0.0
B086QJVHVD,ULTRALOQ Smart Lock U-Bolt Pro with WiFi,128,4.4,ULTRALOQ,ULTRALOQ Smart Lock U-Bolt,ULTRALOQ Smart,10,0.0,0.0
B086QJVHVD,ULTRALOQ Smart Lock U-Bolt Pro with WiFi,128,4.4,ULTRALOQ,ULTRALOQ Smart Lock U-Bolt,ULTRALOQ Smart,10,0.0,0.0
B086QJVHVD,ULTRALOQ Smart Lock U-Bolt Pro with WiFi,128,4.4,ULTRALOQ,ULTRALOQ Smart Lock U-Bolt,ULTRALOQ Smart,10,0.0,0.0
B086QJVHVD,ULTRALOQ Smart Lock U-Bolt Pro with WiFi,128,4.4,ULTRALOQ,ULTRALOQ Smart Lock U-Bolt,ULTRALOQ Smart,10,0.0,0.0
B086QJVHVD,ULTRALOQ Smart Lock U-Bolt Pro with WiFi,128,4.4,ULTRALOQ,ULTRALOQ Smart Lock U-Bolt,ULTRALOQ Smart,10,0.0,0.0
B086QJVHVD,ULTRALOQ Smart Lock U-Bolt Pro with WiFi,128,4.4,ULTRALOQ,ULTRALOQ Smart Lock U-Bolt,ULTRALOQ Smart,0,0.0,0.0
B086QJVHVD,ULTRALOQ Smart Lock U-Bolt Pro with WiFi,128,4.4,ULTRALOQ,ULTRALOQ Smart Lock U-Bolt,ULTRALOQ Smart,1300,9.27,18.89
B086QJVHVD,ULTRALOQ Smart Lock U-Bolt Pro with WiFi,128,4.4,ULTRALOQ,ULTRALOQ Smart Lock U-Bolt,ULTRALOQ Smart,10,0.0,0.0
B086QJVHVD,ULTRALOQ Smart Lock U-Bolt Pro with WiFi,128,4.4,ULTRALOQ,ULTRALOQ Smart Lock U-Bolt,ULTRALOQ Smart,40,12.28,75.94
B086QJVHVD,ULTRALOQ Smart Lock U-Bolt Pro with WiFi,128,4.4,ULTRALOQ,ULTRALOQ Smart Lock U-Bolt,ULTRALOQ Smart,10,0.0,0.0
B0DBHKHPDX,DC HOUSE 48V 100Ah Lithium Golf Cart Battery,181,4.5,DC HOUSE,DC HOUSE 48V 100Ah Lithium,DC HOUSE 48V,0,0.0,0.0
B0BQFWJ9JJ,ALLWEI LiFePO4 Solar Generator 2400W,138,4.4,ALLWEI,ALLWEI LiFePO4 Solar Generator,ALLWEI LiFePO4,0,0.0,0.0
B0CZ3T561W,ALLWEI LiFePO4 Solar Generator 1200W,138,4.4,ALLWEI,ALLWEI LiFePO4 Solar Generator,ALLWEI LiFePO4,0,0.0,0.0
B0BQFXVGNZ,ALLWEI LiFePO4 Solar Generator 2400W,138,4.4,ALLWEI,ALLWEI LiFePO4 Solar Generator,ALLWEI LiFePO4,0,0.0,0.0
B0CRLCHMDF,Open Goaaal Soccer Goal Net Soccer Backst,557,4.3,Open Goaaal,Open Goaaal Soccer Goal Net,Open Goaaal Soccer,260,25.98,174.86
B0CRLCHMDF,Open Goaaal Soccer Goal Net Soccer Backst,557,4.3,Open Goaaal,Open Goaaal Soccer Goal Net,Open Goaaal Soccer,320,16.55,47.23
B0CRLCHMDF,Open Goaaal Soccer Goal Net Soccer Backst,557,4.3,Open Goaaal,Open Goaaal Soccer Goal Net,Open Goaaal Soccer,0,0.0,0.0
B085QNDTMC,Open Goaaal Soccer Goal Net,559,4.3,Open Goaaal,Open Goaaal Soccer Goal Net,Open Goaaal Soccer,260,25.98,174.86
B085QNDTMC,Open Goaaal Soccer Goal Net,559,4.3,Open Goaaal,Open Goaaal Soccer Goal Net,Open Goaaal Soccer,320,16.55,47.23
B085QNDTMC,Open Goaaal Soccer Goal Net,559,4.3,Open Goaaal,Open Goaaal Soccer Goal Net,Open Goaaal Soccer,0,0.0,0.0
B0CRLYVD9J,Lumos Ultra Fly Pro Road Bike Helmet,344,4.5,Lumos,Lumos Ultra Fly Pro,Lumos Ultra,0,0,0
B08LLFRJ1R,GAMMA+ Absolute Hitter Professional Cordless,319,4.1,GAMMA+,GAMMA+ Absolute Hitter Professional,GAMMA+ Absolute,10,14.22,66.97
B08LLFRJ1R,GAMMA+ Absolute Hitter Professional Cordless,319,4.1,GAMMA+,GAMMA+ Absolute Hitter Professional,GAMMA+ Absolute,0,0.0,0.0
B0DBLBW268,Yaber K3 Projector 1600 ANSI Smart Projector,270,4.3,Yaber,Yaber K3 Projector 1600,Yaber K3,0,0.0,0.0
B0B31HR98C,ZAFRO 45 Pints Dehumidifier for Home,250,4.2,ZAFRO,ZAFRO 45 Pints Dehumidifier,ZAFRO 45,0,0.0,0.0
B0CXBRXD4G,PIURIFY Hydrogen Water Bottle Food Grade,124,4.5,PIURIFY,PIURIFY Hydrogen Water Bottle,PIURIFY Hydrogen,1900,30.59,96.64
B0BH9B8NMF,Custom Coat Camouflage Series 3 Ounce,483,4.6,Custom Coat,Custom Coat Camouflage Series 3,Custom Coat Camouflage,0,0.0,0.0
B094YKL3GG,Custom Shop Premium Gray Self Etching Primer,192,4.6,Custom Shop,Custom Shop Premium Gray Self,Custom Shop Premium,0,0.0,0.0
B07PW96DP4,Custom Shop Black Epoxy Primer Sealer,491,4.0,Custom Shop,Custom Shop Black Epoxy Primer,Custom Shop Black,0,0.0,0.0
B089JGWDHK,Custom Shop Barrier Bond Black Rubberize,104,4.4,Custom Shop,Custom Shop Barrier Bond Black,Custom Shop Barrier,0,0.0,0.0
B07KPNK69R,Open Goaaal Soccer Rebounder Goal Backst,558,4.3,Open Goaaal,Open Goaaal Soccer Rebounder Goal,Open Goaaal Soccer,50,20.11,70.75
B07KPNK69R,Open Goaaal Soccer Rebounder Goal Backst,558,4.3,Open Goaaal,Open Goaaal Soccer Rebounder Goal,Open Goaaal Soccer,30,17.63,53.37
B07KPNK69R,Open Goaaal Soccer Rebounder Goal Backst,558,4.3,Open Goaaal,Open Goaaal Soccer Rebounder Goal,Open Goaaal Soccer,0,0.0,0.0
B0CWSCD9C9,FORM 48 Volt Golf Cart Battery Charger,262,4.6,FORM,FORM 48 Volt Golf,FORM 48,0,0,0
B0D9C1PTFT,FORM 48 Volt Golf Cart Battery Charger,171,4.5,FORM,FORM 48 Volt Golf,FORM 48,0,0.0,0.0
B079THJH1W,Open Goaaal Soccer Rebounder Goal Backst,559,4.3,Open Goaaal,Open Goaaal Soccer Rebounder Goal,Open Goaaal Soccer,50,20.11,70.75
B079THJH1W,Open Goaaal Soccer Rebounder Goal Backst,559,4.3,Open Goaaal,Open Goaaal Soccer Rebounder Goal,Open Goaaal Soccer,30,17.63,53.37
B079THJH1W,Open Goaaal Soccer Rebounder Goal Backst,559,4.3,Open Goaaal,Open Goaaal Soccer Rebounder Goal,Open Goaaal Soccer,0,0.0,0.0
B079THZYKF,Open Goaaal Soccer Goal Net,559,4.3,Open Goaaal,Open Goaaal Soccer Goal,Open Goaaal Soccer,260,25.98,174.86
B079THZYKF,Open Goaaal Soccer Goal Net,559,4.3,Open Goaaal,Open Goaaal Soccer Goal,Open Goaaal Soccer,110,17.29,65.56
B079THZYKF,Open Goaaal Soccer Goal Net,559,4.3,Open Goaaal,Open Goaaal Soccer Goal,Open Goaaal Soccer,50,20.11,70.75
B079THZYKF,Open Goaaal Soccer Goal Net,559,4.3,Open Goaaal,Open Goaaal Soccer Goal,Open Goaaal Soccer,30,17.63,53.37
B079THZYKF,Open Goaaal Soccer Goal Net,559,4.3,Open Goaaal,Open Goaaal Soccer Goal,Open Goaaal Soccer,320,16.55,47.23
B079THZYKF,Open Goaaal Soccer Goal Net,559,4.3,Open Goaaal,Open Goaaal Soccer Goal,Open Goaaal Soccer,10,0.0,0.0
B079THZYKF,Open Goaaal Soccer Goal Net,559,4.3,Open Goaaal,Open Goaaal Soccer Goal,Open Goaaal Soccer,0,0.0,0.0
B085RHRC26,Open Goaaal Soccer Goal Net,559,4.3,Open Goaaal,Open Goaaal Soccer Goal,Open Goaaal Soccer,260,25.98,174.86
B085RHRC26,Open Goaaal Soccer Goal Net,559,4.3,Open Goaaal,Open Goaaal Soccer Goal,Open Goaaal Soccer,110,17.29,65.56
B085RHRC26,Open Goaaal Soccer Goal Net,559,4.3,Open Goaaal,Open Goaaal Soccer Goal,Open Goaaal Soccer,50,20.11,70.75
B085RHRC26,Open Goaaal Soccer Goal Net,559,4.3,Open Goaaal,Open Goaaal Soccer Goal,Open Goaaal Soccer,30,17.63,53.37
B085RHRC26,Open Goaaal Soccer Goal Net,559,4.3,Open Goaaal,Open Goaaal Soccer Goal,Open Goaaal Soccer,320,16.55,47.23
B085RHRC26,Open Goaaal Soccer Goal Net,559,4.3,Open Goaaal,Open Goaaal Soccer Goal,Open Goaaal Soccer,10,0.0,0.0
B085RHRC26,Open Goaaal Soccer Goal Net,559,4.3,Open Goaaal,Open Goaaal Soccer Goal,Open Goaaal Soccer,0,0.0,0.0
B085QNYKK5,Open Goaaal Soccer Goal Net,559,4.3,Open Goaaal,Open Goaaal Soccer Goal,Open Goaaal Soccer,260,25.98,174.86
B085QNYKK5,Open Goaaal Soccer Goal Net,559,4.3,Open Goaaal,Open Goaaal Soccer Goal,Open Goaaal Soccer,110,17.29,65.56
B085QNYKK5,Open Goaaal Soccer Goal Net,559,4.3,Open Goaaal,Open Goaaal Soccer Goal,Open Goaaal Soccer,50,20.11,70.75
B085QNYKK5,Open Goaaal Soccer Goal Net,559,4.3,Open Goaaal,Open Goaaal Soccer Goal,Open Goaaal Soccer,30,17.63,53.37
B085QNYKK5,Open Goaaal Soccer Goal Net,559,4.3,Open Goaaal,Open Goaaal Soccer Goal,Open Goaaal Soccer,320,16.55,47.23
B085QNYKK5,Open Goaaal Soccer Goal Net,559,4.3,Open Goaaal,Open Goaaal Soccer Goal,Open Goaaal Soccer,10,0.0,0.0
B085QNYKK5,Open Goaaal Soccer Goal Net,559,4.3,Open Goaaal,Open Goaaal Soccer Goal,Open Goaaal Soccer,0,0.0,0.0
B091BHSY2Q,Xtreme Mats Full Coverage Rubber Golf Cart Ma,823,4.8,Xtreme Mats,Xtreme Mats Full Coverage,Xtreme Mats Full,0,0.0,0.0
B08FJHPJ23,Xtreme Mats Full Coverage Rubber Golf Cart Ma,823,4.8,Xtreme Mats,Xtreme Mats Full Coverage,Xtreme Mats Full,0,0.0,0.0
B08FJJB42G,Xtreme Mats Golf Cart Floor Mat Compatible,823,4.8,Xtreme Mats,Xtreme Mats Golf Cart,Xtreme Mats Golf,50,43.2,229.73
B08FJJB42G,Xtreme Mats Golf Cart Floor Mat Compatible,823,4.8,Xtreme Mats,Xtreme Mats Golf Cart,Xtreme Mats Golf,170,47.23,248.7
B08FJJB42G,Xtreme Mats Golf Cart Floor Mat Compatible,823,4.8,Xtreme Mats,Xtreme Mats Golf Cart,Xtreme Mats Golf,170,47.23,284.69
B08FJJB42G,Xtreme Mats Golf Cart Floor Mat Compatible,823,4.8,Xtreme Mats,Xtreme Mats Golf Cart,Xtreme Mats Golf,110,47.23,255.26
B08FJJB42G,Xtreme Mats Golf Cart Floor Mat Compatible,823,4.8,Xtreme Mats,Xtreme Mats Golf Cart,Xtreme Mats Golf,10,47.23,490.17
B08FJJB42G,Xtreme Mats Golf Cart Floor Mat Compatible,823,4.8,Xtreme Mats,Xtreme Mats Golf Cart,Xtreme Mats Golf,10,47.23,325.9
B08FJJB42G,Xtreme Mats Golf Cart Floor Mat Compatible,823,4.8,Xtreme Mats,Xtreme Mats Golf Cart,Xtreme Mats Golf,10,0.0,0.0
B08FJGS2W7,Xtreme Mats Golf Cart Floor Mat,822,4.8,Xtreme Mats,Xtreme Mats Golf Cart,Xtreme Mats Golf,0,0,0
B09T8PLXZZ,Xtreme Mats Full Coverage Rubber Golf Mat,822,4.8,Xtreme Mats,Xtreme Mats Full Coverage,Xtreme Mats Full,0,0.0,0.0
