brand_name,product_name,discount_price,reviews,rating,commission,asin,link
Membrane Solutions,Membrane Solutions UV Countertop Gravity Water Filtration System Replacement Filter Elements - 6 Packs (U3P),$103.99,64,4.7,15%,,
DREO,"DREO Smart Tower Fan WiFi Voice Control, Works with Alexa/Google,Floor Standing Bladeless Oscillating Fan with Remote, 6 Speeds, 4 Modes, 12H Timer, for Indoor Bedroom Home Office",$109.99,30624,4.6,10%,,
Coolife,"Coolife Hardside Luggage Upgrade Durable PC Lightweight Travel Suitcases with Dual Spinner Wheels & TSA Lock (Light Purple, Checked-Medium 24-Inch)",$109.99,28,4.5,,,
Coolife,"Coolife Hardside Luggage Upgrade Durable PC Lightweight Travel Suitcases with Dual Spinner Wheels & TSA Lock (Black, Checked-Medium 24-Inch)",$109.99,28,4.5,,,
Coolife,"Coolife Hardside Luggage Upgrade Durable PC Lightweight Travel Suitcases with Dual Spinner Wheels & TSA Lock (Light Green, Checked-Medium 24-Inch)",$109.99,28,4.5,,,
YESWELDER,"YESWELDER Intelligent Auto-Adjustment Auto-Darkening Welding Helmet, 180° Panoramic View, True Color 1/1/1/1, Internal Digital Display, Wide Shade 3/4-8/9-14, for MIG/TIG/Stick/Tack/Grind/Cu",$118.99,192,4.2,15%,,
WORX US_AMZ,Worx WX572L 5.5 Amp BladeRunner Portable Electric Table Top Saw,$119.00,1094,4.3,1%,,
Anker,"Anker SOLIX C200 DC Power Bank Station, 192Wh Portable Power Station, LiFePO4 Battery, 200W Solar Generator, for Outdoor Camping, Traveling, and Emergencies (No Wall Charger Included)",$119.98,883,4.5,7%,,
SEESII US,"SEESII Electric Pruning Shears Cordless: 2.2"" Cutting Diameter Power Cordless Pruner, 2*4000mAh Batteries, Brushless Motor, Extra SK5 Blade, 4 Modes Adjustable Garden Shears for Tree Flower ",$119.99,38,4.8,15%,,
Coolife,"Coolife Hardside Luggage Upgrade Durable PC Lightweight Travel Suitcases with Dual Spinner Wheels & TSA Lock (Navy, Checked-Large 28-Inch) Navy Checked-Large 28-Inch",$119.99,30,4.6,,,
WORX US_AMZ,"Worx Nitro 20V Cordless 1/2"" Drill Driver With Brushless Motor - Compact & Lightweight Set Only 6"" and 3 lbs. - Power Share Compatible WX130L - Batteries & Charger Included, Black",$119.99,136,4.7,1%,,
Coolife,"Coolife Hardside Luggage Upgrade Durable PC Lightweight Travel Suitcases with Dual Spinner Wheels & TSA Lock (Brown, Checked-Large 28-Inch)",$119.99,28,4.5,,,
Coolife,"Coolife Hardside Luggage Upgrade Durable PC Lightweight Travel Suitcases with Dual Spinner Wheels & TSA Lock (Black, Checked-Large 28-Inch)",$119.99,28,4.5,,,
Coolife,"Coolife Hardside Luggage Upgrade Durable PC Lightweight Travel Suitcases with Dual Spinner Wheels & TSA Lock (Light Green, Checked-Large 28-Inch)",$119.99,28,4.5,,,
Coolife,"Coolife Hardside Luggage Upgrade Durable PC Lightweight Travel Suitcases with Dual Spinner Wheels & TSA Lock (Dark Purple, Checked-Large 28-Inch)",$119.99,28,4.5,,,
Coolife,"Coolife Hardside Luggage Upgrade Durable PC Lightweight Travel Suitcases with Dual Spinner Wheels & TSA Lock (Light Purple, Checked-Large 28-Inch)",$119.99,28,4.5,,,
GROWNSY,"Mom's Choice-GROWNSY Baby Gate for Stairs, 29.5""-48.4"" Pressure Mounted Baby Gate for Top of Stair&Doorway with V-Shaped Rods, Anti-Trip Pedal, Extra Wide Stairs Dog Gate Easy Install w/Red ",$129.00,621,4.3,17%,,
COSORI,"Cosori 9-in-1 TurboBlaze Air Fryer 6 Qt, Premium Ceramic Coating, 90°–450°F, Precise Heating for Even Results, Air Fry, Roast, Bake, Broil, Dry, Frozen, Proof, Reheat, Keep Warm, 120V, Light",$129.99,19855,4.8,0%,,
Petscosset,"Outdoor Potting Bench with Storage, Outdoor Garden Work Table & Storage Cabinet with Adjustable Shelves, Lockable Wheels, Waterproof Metal Top Workstation for Potting, Gardening, Backyard, P",$129.99,135,4.1,20%,,
Petscosset,"Potting Bench Table & Outdoor Storage Cabinet with Lockable Wheels, Adjustable Shelves, Mobile Waterproof Metal Top Workstation for Garden Patio BBQ Organization, Magnetic Latch & Edge Guard",$129.99,190,4.1,20%,,
Coolife,"Coolife Luggage 3 Piece Set Suitcase Spinner ABS+PC Hardshell Lightweight TSA Lock USB Port, 20in 24in 28in Carry on Expandable (only 28’’), Navy Blue",$129.99,635,4.6,,,
Astercook,"Astercook 23 Pcs Pots and Pans Set Non Stick, Ceramic Cookware Set Detachable Handle, RV Kitchen Cooking Set Removable Handles, Oven Safe, Induction Ready, Stackable, Pink, Mothers Day Gifts",$129.99,7925,4.5,10%,,
Astercook,"Astercook 23 Pcs Pots and Pans Set Non Stick, Ceramic Cookware Set Detachable Handle, RV Kitchen Cooking Set Removable Handles, Oven Safe, Induction Ready, Stackable, Black, Mothers Day Gift",$129.99,7925,4.5,10%,,
eufy Security,"eufy Security Baby Monitor E21 Add-On Camera, 4K UHD Resolution, 330° Pan and 60° Tilt, 8× Zoom, Night Vision, 5000mAh Built-in Battery, ANR",$129.99,95,4.0,7%,,
WORX US_AMZ,"Worx WG322 20V Power Share 10"" Cordless Chainsaw with Auto-Tension",$134.99,3868,4.4,1%,,
Coolife,"Coolife Luggage 3 Piece Set Suitcase Spinner ABS+PC Hardshell Lightweight TSA Lock USB Port, 20in 24in 28in Carry on Expandable (only 28’’), Silver",$139.99,635,4.6,,,
soundcore,"Soundcore AeroFit 2 Pro by Anker, Open-Ear with Semi-in-Ear Active Noise Cancellation, Dual-Form Earbuds, Adjustable Ear Hooks, Hi-Res, LDAC, 4-Mic AI Clear Calls, IP55 Water-Proof, Wireless",$149.99,115,4.2,10%,,
SEESII US,"SEESII 2-in-1 Electric Pole Saws: Brushless Mini Chainsaw Cordless 6 Inch, 2 x 4000mAh Batteries, Pole Saw for Tree Trimming,Hand held Small Chain Saw with Extension Pole for Tree Limb Branc",$149.99,14960,4.6,15%,,
SEESII US,"SEESII 6-in-1 Cordless Pole Saw & Hedge Trimmer Combo, Electric Mini Chainsaw with 2×4.0 Ah Batteries, Extendable Tree Pruner, Bush Trimmer Limb Branch Cutter, Grass Shears, 15Ft Long Reach",$149.99,1215,4.3,15%,,
WORX US_AMZ,"WORX 20V 12‘’ Cordless String Trimmer & 360 CFM Leaf Blower Combo, 2 Batteries & Charger Included, WG929",$159.00,23,4.3,1%,,
eufy Security,"eufy Security Solar Wall Light Cam S120 (2-Pack), Solar Security Cameras Wireless Outdoor, Built-in 8GB Storage, Motion Activated Light, AI Detection, IP65 Waterproof, Spotlight, No Monthly ",$159.98,1633,4.1,6%,,
Anker,"Anker Prime Power Bank, 27,650mAh 3-Port 250W Portable Charger for Travel, TSA-Approved, Smart App, for MacBook Pro/Air, iPhone 16/15/14 Series, Samsung, Laptops, and More",$159.99,616,4.5,9%,,
Coolife,"Coolife Luggage 3 Piece Set Hardside Lightweight Suitcases: Upgraded Durable PC Travel Luggage with Dual Spinner Wheels & TSA Lock, 20/24/28 (20'' Expandable Only), Dark Purple",$159.99,28,4.5,,,
Anker,"Anker SOLIX C300 DC Power Bank Station, Outdoor 288Wh Portable Power Station, LiFePO4 Battery, 300W Solar Generator, for Camping, Traveling, and Emergencies (No Wall Charger Included)",$169.99,1556,4.6,3%,,
soundcore,"Soundcore AeroFit 2 Pro by Anker, Open-Ear and Active Noise Cancellation Modes, Hi-Res Open Ear Headphones for Commute,Office,Fitness, LDAC, 4-Mic AI Clear Calls, 34H, IP55, Wireless Bluetoo",$179.99,114,4.2,3%,,
soundcore,"Soundcore AeroFit 2 Pro by Anker, Open-Ear and Active Noise Cancellation Modes, Hi-Res Open Ear Headphones for Commute,Office,Fitness, LDAC, 4-Mic AI Clear Calls, 34H, IP55, Wireless Bluetoo",$179.99,114,4.2,3%,,
soundcore,"Soundcore AeroFit 2 Pro by Anker, Open-Ear and Active Noise Cancellation Modes, Hi-Res Open Ear Headphones for Commute,Office,Fitness, LDAC, 4-Mic AI Clear Calls, 34H, IP55, Wireless Bluetoo",$179.99,114,4.2,3%,,
Anker,"Anker SOLIX C200 DC Power Bank Station and 60W Solar Panel, 192Wh Portable Power Station, LiFePO4 Battery, 200W Solar Generator, For Outdoor, Camping, Traveling, and Emergencies",$179.99,178,4.7,7%,,
SEESII US,"Seesii Impact Wrench 1/2"" & Cordless Ratchet Wrench 3/8""",$179.99,514,4.4,15%,,
eufy Security,"eufy Security eufy Smart Display E10, Smart Home Hub, 8"" Control Panel, Compatible Devices, Four Views on One Screen, Instant Door Alerts, Daily Event Reports, One Tap Control, 64GB EMMC",$199.99,359,4.2,3%,,
DREO,"DREO TurboCool Misting Fan 765S, Fans that Blow Cold Air, 10°F Cooling, 34ft/s Fast Evaporative Air Cooler, 6L Tank, 20 dB Quiet DC Motor, 90° Tower Fan with 12 Speeds, 4 Modes for Home, Sil",$199.99,51,4.0,10%,,
Anker,"Anker SOLIX PS100 Solar Panel with Adjustable Kickstand, 100W Foldable Portable Solar Charger, IP67 Waterproof, 23% Higher Energy Conversion Efficiency, for Camping, RVs, and Blackouts",$209.00,208,4.5,13%,,
eufy Security,"eufy Security Heated Breast Pump S1, Hands-Free Breast Pump with Industry-Leading HeatFlow Tech, App-Controlled OptiRhythm, 300 mmHg Strong Suction, Leakproof, Slim and 46 dB Quiet for in-Br",$239.99,616,4.4,3%,,
Anker,"Anker SOLIX C300 DC Power Bank Station and 60W Solar Panel, 288Wh Portable Power Station, LiFePO4 Battery, 300W Solar Generator, for Outdoor, Camping, Traveling, and Emergencies",$246.99,219,4.5,13%,,
Anker,"Anker SOLIX EverFrost 2 Removable Battery, for 42 qt / 61 qt Portable Refrigerator",$249.00,26,4.3,13%,,
Roborock Amazon US,"roborock Q5 Pro Robot Vacuum and Mop Combo, 5500Pa Powerful Suction, DuoRoller Brush, LiDAR Navigation, 3D Mapping, Robotic Cleaner for Dirt, Floors, Pet Hair, 240min Runtime, Smart No-Go Zo",$249.99,2784,4.0,13%,,
Membrane Solutions,"Membrane Solutions 400 GPD RO Membrane 3.0""x12"" Reverse Osmosis Membrane Water Filter Replacement for Under Sink Home RO Water Purifier System and Maple Sap Syrup DIY, Aquariums (5 Pack)",$259.99,3195,4.6,15%,,
Anker,"Anker 535 Portable Power Station with Carrying Case Bag, 512Wh Solar Generator (Solar Panel Optional),500W 9-Port Powerhouse, 4 AC Outlets, 60W USB-C PD Output, LED Light for Outdoor Camping",$339.99,371,4.6,7%,,
WOLFBOX,"WOLFBOX Level 2 EV Charger 40amp - NEMA 14-50 EVSE with J1772 Connector - CSA Certified Wall Home EV Charger - 25FT Cable,Outdoor/Indoor,RFID Card,WiFi Enabled, 240V Electric Vehicle Chargin",$341.99,164,4.5,15%,,
eufy Security,"eufy Security Heated Wearable Breast Pump S1 Pro, Slim Hands-Free with Industry-Leading HeatFlow Tech, Wireless Charging Case, App-Controlled OptiRhythm, 300 mmHg Strong Suction, in-Bra Use",$349.99,1625,4.2,3%,,
Anker,"Anker SOLIX BP1000 Expansion Battery (1056Wh), LiFePO4 Batteries with 10-Year Lifespan, 1056Wh Extra Battery SOLIX C1000",$399.99,223,4.6,13%,,
Anker,"Anker 535 Solar Generator, Powerhouse 512Wh with 100W Solar Panel, Power Station with LiFePO4, 4 * 110V AC Outlets, 60W USB-C PD Output, LED Light for Outdoor Camping, RV, Power Outage(Anker",$449.99,53,4.3,7%,,
Anker,"Anker SOLIX PS200 Solar Panel with Adjustable Kickstand, 200W Foldable Portable Solar Charger, IP67 Waterproof, 23% Higher Energy Conversion Efficiency, for Camping, RVs, and Blackouts",$449.99,130,4.4,13%,,
Anker,"Anker SOLIX C1000 Portable Power Station, 1800W (Peak 2400W) Solar Generator, Full Charge in 58 Min, 1056wh LiFePO4 Battery for Home Backup, Power Outages, and Outdoor Camping (Optional Sola",$449.99,1742,4.7,13%,,
DREO,"DREO Portable Air Conditioner 543S, 11,000 BTU ASHRAE (7200 BTU DOE) Smart AC Unit for Bedroom with Drainage-free Cooling, Fan&Dehumidifier 3 in 1, APP/Voice/Remote, Quiet Standing AC for Ro",$499.99,309,4.4,10%,,
Aiper US,"Aiper 2026 Scuba S1 Robotic Pool Cleaner, Weekly Custom Cleaning Plan, 270 Min Runtime, Over-the-Waterline Scrubbing, Smarter Navigation with 11 High-Precision Sensors, App Support-Blue",$549.99,798,4.5,10%,,
YESWELDER,"YESWELDER 6-In-1 Multifunctional Welders Combo&Plasma Cutter, MIG/Flux Core MIG/CUT/TIG/Stick/Spool Gun Compatible, 200A MIG/TIG/Stick & 50A CUT, 110V/220V MCT-520",$569.99,54,4.4,15%,,
Anker,"Anker SOLIX C1000 Portable Power Station with 100W Solar Panel, 1800W Solar Generator, 1056wh LFP (LiFePO4) Battery, 6 AC Outlets, Up to 2400W for Home, Power Outages, and Outdoor Camping",$579.99,137,4.6,13%,,
Membrane Solutions,"Membrane Solutions Reverse Osmosis Membrane 150 GPD 12"" x 2"" RO Membrane Water Filter Replacement Fits Under Sink RO Drinking Water Purifier System, 25-Pack",$599.99,3195,4.6,15%,,
Roborock Amazon US,"roborock Q5 Pro+ Robot Vacuum and Mop, Self-Emptying, 5500 Pa Max Suction, DuoRoller Brush, Hands-Free Cleaning for up to 7 Weeks, Precise Navigation, Perfect for Hard Floors, Carpets, and P",$648.27,18394,4.0,13%,,
Anker,"Anker SOLIX C1000 Portable Power Station with 200W Solar Panel, 1800W Solar Generator, 1056wh LFP (LiFePO4) Battery, 6 AC Outlets, Up to 2400W for Home, Power Outages, and Outdoor Camping",$649.99,468,4.5,13%,,
Anker,"Anker SOLIX PS400 Solar Panel with Adjustable Kickstand, 400W Foldable Portable Solar Charger, IP67 Waterproof, Smart Sunlight Alignment, for Camping, RVs, and Blackouts",$699.99,73,4.3,13%,,
Anker,"Anker SOLIX C1000 Portable Power Station with Alternator Charger, 1800W (Peak 2400W) Solar Generator, Full Charge in 58 Min, 1056wh LiFePO4 Battery for Home Backup, Power Outages, and Outdoo",$778.99,2301,4.6,3%,,
Anker,"Anker Powerhouse 760 Portable Power Station Expansion Battery (2048Wh), 6× Longer Lifespan LiFePO4 Batteries, 2048Wh Extra Battery SOLIX F2000",$799.99,57,4.6,13%,,
Anker,"Anker SOLIX C1000 Portable Power Station with 400W Solar Panel, 1800W Solar Generator, 1056wh LFP (LiFePO4) Battery, 6 AC Outlets, Up to 2400W for Home, Power Outages, and Outdoor Camping",$829.99,43,4.4,13%,,
Anker,"Anker SOLIX C1000 Portable Power Station and BP1000 Expansion Battery, 1800W Solar Generator, Full Charge in 58 Min, 2112Wh LiFePO4 Battery for Outdoor Camping and Home Backup (Optional Sola",$829.99,123,4.6,13%,,
Membrane Solutions,"Membrane Solutions 150 GPD Reverse Osmosis Membrane 12"" x 2"" RO Membrane Water Filter Replacement Fits Under Sink RO Drinking Water Purifier System, 50-Pack",$849.99,3195,4.6,15%,,
Aiper US,"AIPER EcoSurfer S2 Solar Powered Pool Surface Skimmer Robot with APP Support, 24/7 Continuous Cleaning, Dual Charging Modes, Smart Obstacle Avoidance, 150-um Filtration, OTA Upgrade, Blue",$849.99,1893,4.6,10%,,
Anker,"Anker SOLIX F2000 Portable Power Station, PowerHouse 767, 2400W Solar Generator, GaNPrime Battery Generators for Home Use, LiFePO4 Power Station for Outdoor Camping, and RVs (Solar Panel Opt",$899.99,527,4.4,13%,,
Aiper US,"AIPER Scuba V3 AI Vision Cordless Robotic Pool Cleaner, Include Wireless Charging Dock, Smart Waterline Parking & Featherlight Design, Micromesh Multi-Layer Filtration, Grey",$899.99,86,4.4,10%,,
xTool,"xTool S1 20W Laser Engraver and Cutter Machine with Air Assist & Honeycomb, 23.93"" x 15.16"" Bed Size, Beginner-Friendly, Laser Engravering Machine for Wood and Metal, Acrylic, etc. - Basic B",$999.00,90,4.6,6%,,
Roborock Amazon US,"Roborock Qrevo Edge S5A Robot Vacuum and Mop, 18,500Pa, Zero-Tangling, DuoDivide Main Brush, FlexiArm Side Brush, Hot Water Mop Washing & Self-Cleaning, Warm Air Drying, Self-Emptying, Black",$999.99,487,4.3,13%,,
Anker,"Anker SOLIX F2000 Portable Power Station, Powerhouse 767, 2048Wh GaNPrime Solar Generator with 100W Solar Panel, LiFePO4 Batteries, 4 AC Outlets Up to 2400W for Home, Power Outage, Outdoor C",$1049.99,50,4.1,13%,,
Anker,"Anker SOLIX F2000 Portable Power Station, PowerHouse 767, 2048Wh GaNPrime Solar Generator with 200W Solar Panel, LiFePO4 Batteries, 4 AC Outlets Up to 2400W for Home, Power Outage, Outdoor C",$1149.99,156,4.5,13%,,
Aiper US,"(2026 New) AIPER Experts Duo: Scuba V3 & EcoSurfer S2, 360° Top-to-Bottom Cleaning, 7 Day Hands-Free Care, 10x Faster Pool Cleaning with AI Patrol, Smart Parking & Water Quality Maintenance,",$1249.99,148,4.3,10%,,
Anker,"Anker SOLIX F2000 Solar Generator, 2048Wh Portable Power Station with LiFePO4 Batteries and 400W Solar Panel, GaNPrime Technology, 4 AC Outlets Up to 2400W for Home, Power Outages, Camping, ",$1299.99,120,4.2,13%,,
Anker,"Anker SOLIX F2000 Solar Generator, 2048Wh Portable Power Station with LiFePO4 Batteries and 2× 200W Solar Panel, GaNPrime Technology, 4 AC Outlets Up to 2400W for Home, Power Outages, Campin",$1399.99,126,4.1,13%,,
Anker,"Anker SOLIX F2000 Portable Power Station, PowerHouse 767 and 760 Expansion Battery, 4096Wh LiFePO4 Battery with 4 AC Outlets Up to 2400W, GaNPrime Solar Generator for Home, Outdoor Camping, ",$1698.99,87,4.4,13%,,
Aiper US,"Aiper Scuba X1 Pro Max All-in-One Pool Cleaning Robot & Skimmer with 8,500 GPH Suction, Ultra-fine Filtration, Smart Surface Parking, for All Inground Pools, Blue",$1799.00,128,4.3,10%,,
xTool,"xTool F1 2-in-1 Dual Laser and Infrared Engraver with Slide Extension, Rotary Extension and Smoke Purifier, Lightning Speed Portable Fiber Laser Engraver for Metal Wood",$2399.00,147,4.5,6%,,
