ASIN,product_name,brand_name,original_price,discount_price,discount,rating,reviews,commission,acc_commission,category,subcategory,availability,country_code,url,link,has_promo,has_acc
B0C3LZGMKK,Membrane Solutions UV Countertop Gravity Water Filtration System Replacement Filter Elements - 6 Packs (U3P),Membrane Solutions,$103.99,$103.99,0%,4.7,64,15%,,Tools & Home Improvement,Replacement Under-Sink Water Filters,IN_STOCK,US,https://www.amazon.com/dp/B0C3LZGMKK,,No,No
B0G6KDY2SX,"SEESII Electric Pruning Shears Cordless: 2.2"" Cutting Diameter Power Cordless Pruner, 2*4000mAh Batteries, Brushless Motor, Extra SK5 Blade, 4 Modes Adjustable Garden Shears for Tree Flower ",SEESII US,$149.99,$119.99,20%,4.8,38,15%,,"Patio, Lawn & Garden",Pruning Shears,IN_STOCK,US,https://www.amazon.com/dp/B0G6KDY2SX,,No,No
B0DY1C8J81,"Cosori 9-in-1 TurboBlaze Air Fryer 6 Qt, Premium Ceramic Coating, 90°–450°F, Precise Heating for Even Results, Air Fry, Roast, Bake, Broil, Dry, Frozen, Proof, Reheat, Keep Warm, 120V, Light",COSORI,$129.99,$129.99,0%,4.8,19855,0%,,Home & Kitchen,Air Fryers,IN_STOCK,US,https://www.amazon.com/dp/B0DY1C8J81,,No,No
B0C7VLHMQR,"roborock Q5 Pro Robot Vacuum and Mop Combo, 5500Pa Powerful Suction, DuoRoller Brush, LiDAR Navigation, 3D Mapping, Robotic Cleaner for Dirt, Floors, Pet Hair, 240min Runtime, Smart No-Go Zo",Roborock Amazon US,$249.99,$249.99,0%,4.0,2784,13%,,Home & Kitchen,Robotic Vacuums,IN_STOCK,US,https://www.amazon.com/dp/B0C7VLHMQR,,No,No
B0DNDTP9CJ,"Roborock Qrevo Edge S5A Robot Vacuum and Mop, 18,500Pa, Zero-Tangling, DuoDivide Main Brush, FlexiArm Side Brush, Hot Water Mop Washing & Self-Cleaning, Warm Air Drying, Self-Emptying, Black",Roborock Amazon US,$999.99,$999.99,0%,4.3,487,13%,,Home & Kitchen,Robotic Vacuums,IN_STOCK,US,https://www.amazon.com/dp/B0DNDTP9CJ,,No,No
B0GWQ6WYZ8,"Coolife Hardside Luggage Upgrade Durable PC Lightweight Travel Suitcases with Dual Spinner Wheels & TSA Lock (Navy, Checked-Large 28-Inch) Navy Checked-Large 28-Inch",Coolife,$119.99,$119.99,0%,4.6,30,,10.00,"Clothing, Shoes & Jewelry",Carry-Ons,IN_STOCK,US,https://www.amazon.com/dp/B0GWQ6WYZ8,,No,Yes
B0C77JH9PD,"Mom's Choice-GROWNSY Baby Gate for Stairs, 29.5""-48.4"" Pressure Mounted Baby Gate for Top of Stair&Doorway with V-Shaped Rods, Anti-Trip Pedal, Extra Wide Stairs Dog Gate Easy Install w/Red ",GROWNSY,$129.00,$129.00,0%,4.3,621,17%,,Baby Products,Door & Stair Gates,IN_STOCK,US,https://www.amazon.com/dp/B0C77JH9PD,,No,No
B0CYZD34VF,"eufy Security Heated Breast Pump S1, Hands-Free Breast Pump with Industry-Leading HeatFlow Tech, App-Controlled OptiRhythm, 300 mmHg Strong Suction, Leakproof, Slim and 46 dB Quiet for in-Br",eufy Security,$239.99,$239.99,0%,4.4,616,3%,,Baby Products,Electric,IN_STOCK,US,https://www.amazon.com/dp/B0CYZD34VF,,No,No
B0CYZLT7M2,"eufy Security Heated Wearable Breast Pump S1 Pro, Slim Hands-Free with Industry-Leading HeatFlow Tech, Wireless Charging Case, App-Controlled OptiRhythm, 300 mmHg Strong Suction, in-Bra Use",eufy Security,$349.99,$349.99,0%,4.2,1625,3%,,Baby Products,Electric,IN_STOCK,US,https://www.amazon.com/dp/B0CYZLT7M2,,No,No
B0D3PK2JQ8,"Anker Prime Power Bank, 27,650mAh 3-Port 250W Portable Charger for Travel, TSA-Approved, Smart App, for MacBook Pro/Air, iPhone 16/15/14 Series, Samsung, Laptops, and More",Anker,$159.99,$159.99,0%,4.5,616,9%,,Cell Phones & Accessories,Portable Power Banks,IN_STOCK,US,https://www.amazon.com/dp/B0D3PK2JQ8,,No,No
B0GTKC8KDV,"Outdoor Potting Bench with Storage, Outdoor Garden Work Table & Storage Cabinet with Adjustable Shelves, Lockable Wheels, Waterproof Metal Top Workstation for Potting, Gardening, Backyard, P",Petscosset,$129.99,$129.99,0%,4.1,135,20%,,"Patio, Lawn & Garden",Storage Sheds,IN_STOCK,US,https://www.amazon.com/dp/B0GTKC8KDV,,No,No
B0GN23ZMPF,"Potting Bench Table & Outdoor Storage Cabinet with Lockable Wheels, Adjustable Shelves, Mobile Waterproof Metal Top Workstation for Garden Patio BBQ Organization, Magnetic Latch & Edge Guard",Petscosset,$129.99,$129.99,0%,4.1,190,20%,,"Patio, Lawn & Garden",Storage Sheds,IN_STOCK,US,https://www.amazon.com/dp/B0GN23ZMPF,,No,No
B0GTYYBQYX,"Aiper 2026 Scuba S1 Robotic Pool Cleaner, Weekly Custom Cleaning Plan, 270 Min Runtime, Over-the-Waterline Scrubbing, Smarter Navigation with 11 High-Precision Sensors, App Support-Blue",Aiper US,$779.99,$549.99,29%,4.5,798,10%,,"Patio, Lawn & Garden",Suction Pool Cleaners,IN_STOCK,US,https://www.amazon.com/dp/B0GTYYBQYX,,No,No
B0H11XS6Y4,"(2026 New) AIPER Experts Duo: Scuba V3 & EcoSurfer S2, 360° Top-to-Bottom Cleaning, 7 Day Hands-Free Care, 10x Faster Pool Cleaning with AI Patrol, Smart Parking & Water Quality Maintenance,",Aiper US,$1499.99,$1249.99,16%,4.3,148,10%,,"Patio, Lawn & Garden",Robotic Pool Cleaners,IN_STOCK,US,https://www.amazon.com/dp/B0H11XS6Y4,,No,No
B0F9W6DZ1J,"YESWELDER 6-In-1 Multifunctional Welders Combo&Plasma Cutter, MIG/Flux Core MIG/CUT/TIG/Stick/Spool Gun Compatible, 200A MIG/TIG/Stick & 50A CUT, 110V/220V MCT-520",YESWELDER,$699.99,$569.99,18%,4.4,54,15%,,Tools & Home Improvement,MIG Welding Equipment,IN_STOCK,US,https://www.amazon.com/dp/B0F9W6DZ1J,,No,No
B0BNJYSVVS,"Worx Nitro 20V Cordless 1/2"" Drill Driver With Brushless Motor - Compact & Lightweight Set Only 6"" and 3 lbs. - Power Share Compatible WX130L - Batteries & Charger Included, Black",WORX US_AMZ,$119.99,$119.99,0%,4.7,136,1%,,Tools & Home Improvement,Drill Drivers,IN_STOCK,US,https://www.amazon.com/dp/B0BNJYSVVS,,No,No
B0C7VN9NWK,"roborock Q5 Pro+ Robot Vacuum and Mop, Self-Emptying, 5500 Pa Max Suction, DuoRoller Brush, Hands-Free Cleaning for up to 7 Weeks, Precise Navigation, Perfect for Hard Floors, Carpets, and P",Roborock Amazon US,$699.99,$648.27,7%,4.0,18394,13%,,Industrial & Scientific,Robotic Vacuums,IN_STOCK,US,https://www.amazon.com/dp/B0C7VN9NWK,,No,No
B0CL3XB8QS,"Coolife Luggage 3 Piece Set Suitcase Spinner ABS+PC Hardshell Lightweight TSA Lock USB Port, 20in 24in 28in Carry on Expandable (only 28’’), Navy Blue",Coolife,$139.99,$129.99,7%,4.6,635,,10.00,"Clothing, Shoes & Jewelry",Carry-Ons,IN_STOCK,US,https://www.amazon.com/dp/B0CL3XB8QS,,No,Yes
B0CL3WSX9B,"Coolife Luggage 3 Piece Set Suitcase Spinner ABS+PC Hardshell Lightweight TSA Lock USB Port, 20in 24in 28in Carry on Expandable (only 28’’), Silver",Coolife,$139.99,$139.99,0%,4.6,635,,10.00,"Clothing, Shoes & Jewelry",Carry-Ons,IN_STOCK,US,https://www.amazon.com/dp/B0CL3WSX9B,,No,Yes
B0GLX2GZ7P,"Soundcore AeroFit 2 Pro by Anker, Open-Ear with Semi-in-Ear Active Noise Cancellation, Dual-Form Earbuds, Adjustable Ear Hooks, Hi-Res, LDAC, 4-Mic AI Clear Calls, IP55 Water-Proof, Wireless",soundcore,$179.99,$149.99,16%,4.2,115,10%,,Electronics,Open-Ear Headphones,IN_STOCK,US,https://www.amazon.com/dp/B0GLX2GZ7P,,No,No
B0FMK7B191,"Soundcore AeroFit 2 Pro by Anker, Open-Ear and Active Noise Cancellation Modes, Hi-Res Open Ear Headphones for Commute,Office,Fitness, LDAC, 4-Mic AI Clear Calls, 34H, IP55, Wireless Bluetoo",soundcore,$179.99,$179.99,0%,4.2,114,3%,,Electronics,Open-Ear Headphones,IN_STOCK,US,https://www.amazon.com/dp/B0FMK7B191,,No,No
B0FMJP7T3M,"Soundcore AeroFit 2 Pro by Anker, Open-Ear and Active Noise Cancellation Modes, Hi-Res Open Ear Headphones for Commute,Office,Fitness, LDAC, 4-Mic AI Clear Calls, 34H, IP55, Wireless Bluetoo",soundcore,$179.99,$179.99,0%,4.2,114,3%,,Electronics,Open-Ear Headphones,IN_STOCK,US,https://www.amazon.com/dp/B0FMJP7T3M,,No,No
B0FMK8VMD8,"Soundcore AeroFit 2 Pro by Anker, Open-Ear and Active Noise Cancellation Modes, Hi-Res Open Ear Headphones for Commute,Office,Fitness, LDAC, 4-Mic AI Clear Calls, 34H, IP55, Wireless Bluetoo",soundcore,$179.99,$179.99,0%,4.2,114,3%,,Electronics,Over-Ear Headphones,IN_STOCK,US,https://www.amazon.com/dp/B0FMK8VMD8,,No,No
B0GQH6134D,"eufy Security eufy Smart Display E10, Smart Home Hub, 8"" Control Panel, Compatible Devices, Four Views on One Screen, Instant Door Alerts, Daily Event Reports, One Tap Control, 64GB EMMC",eufy Security,$199.99,$199.99,0%,4.2,359,3%,,Electronics,Home Security Systems,IN_STOCK,US,https://www.amazon.com/dp/B0GQH6134D,,No,No
B0D1R47YCH,"eufy Security Solar Wall Light Cam S120 (2-Pack), Solar Security Cameras Wireless Outdoor, Built-in 8GB Storage, Motion Activated Light, AI Detection, IP65 Waterproof, Spotlight, No Monthly ",eufy Security,$189.98,$159.98,15%,4.1,1633,6%,,Electronics,Bullet Cameras,IN_STOCK,US,https://www.amazon.com/dp/B0D1R47YCH,,No,No
B0GK5LZGN6,"Anker SOLIX C1000 Portable Power Station with Alternator Charger, 1800W (Peak 2400W) Solar Generator, Full Charge in 58 Min, 1056wh LiFePO4 Battery for Home Backup, Power Outages, and Outdoo",Anker,$1398.00,$778.99,44%,4.6,2301,3%,,"Patio, Lawn & Garden",Generators,IN_STOCK,US,https://www.amazon.com/dp/B0GK5LZGN6,,No,No
B0DRFX1YDD,"Anker SOLIX EverFrost 2 Removable Battery, for 42 qt / 61 qt Portable Refrigerator",Anker,$249.00,$249.00,0%,4.3,26,13%,,Automotive,Refrigerator Parts,IN_STOCK,US,https://www.amazon.com/dp/B0DRFX1YDD,,No,No
B0B1H8392Z,"Anker 535 Solar Generator, Powerhouse 512Wh with 100W Solar Panel, Power Station with LiFePO4, 4 * 110V AC Outlets, 60W USB-C PD Output, LED Light for Outdoor Camping, RV, Power Outage(Anker",Anker,$799.99,$449.99,43%,4.3,53,7%,,"Patio, Lawn & Garden",Generators,IN_STOCK,US,https://www.amazon.com/dp/B0B1H8392Z,,No,No
B0DBLMHRQ7,"Anker SOLIX C200 DC Power Bank Station and 60W Solar Panel, 192Wh Portable Power Station, LiFePO4 Battery, 200W Solar Generator, For Outdoor, Camping, Traveling, and Emergencies",Anker,$259.99,$179.99,30%,4.7,178,7%,,"Patio, Lawn & Garden",Generators,IN_STOCK,US,https://www.amazon.com/dp/B0DBLMHRQ7,,No,No
B0BWQJ19M4,"Anker SOLIX PS400 Solar Panel with Adjustable Kickstand, 400W Foldable Portable Solar Charger, IP67 Waterproof, Smart Sunlight Alignment, for Camping, RVs, and Blackouts",Anker,$699.99,$699.99,0%,4.3,73,13%,,"Patio, Lawn & Garden",Solar Panels,IN_STOCK,US,https://www.amazon.com/dp/B0BWQJ19M4,,No,No
B0CYSD1C6Y,"Anker SOLIX PS100 Solar Panel with Adjustable Kickstand, 100W Foldable Portable Solar Charger, IP67 Waterproof, 23% Higher Energy Conversion Efficiency, for Camping, RVs, and Blackouts",Anker,$209.00,$209.00,0%,4.5,208,13%,,"Patio, Lawn & Garden",Solar Panels,IN_STOCK,US,https://www.amazon.com/dp/B0CYSD1C6Y,,No,No
B0BK8YWY9Q,"Anker SOLIX PS200 Solar Panel with Adjustable Kickstand, 200W Foldable Portable Solar Charger, IP67 Waterproof, 23% Higher Energy Conversion Efficiency, for Camping, RVs, and Blackouts",Anker,$449.99,$449.99,0%,4.4,130,13%,,"Patio, Lawn & Garden",Solar Panels,IN_STOCK,US,https://www.amazon.com/dp/B0BK8YWY9Q,,No,No
B0BNPZY6PS,"Anker Powerhouse 760 Portable Power Station Expansion Battery (2048Wh), 6× Longer Lifespan LiFePO4 Batteries, 2048Wh Extra Battery SOLIX F2000",Anker,$899.00,$799.99,11%,4.6,57,13%,,Cell Phones & Accessories,Portable Power Banks,IN_STOCK,US,https://www.amazon.com/dp/B0BNPZY6PS,,No,No
B0CH83FLW1,"Anker SOLIX BP1000 Expansion Battery (1056Wh), LiFePO4 Batteries with 10-Year Lifespan, 1056Wh Extra Battery SOLIX C1000",Anker,$499.99,$399.99,20%,4.6,223,13%,,"Patio, Lawn & Garden",Solar & Wind Power Parts & Accessories,IN_STOCK,US,https://www.amazon.com/dp/B0CH83FLW1,,No,No
B099YTV51Q,"Anker 535 Portable Power Station with Carrying Case Bag, 512Wh Solar Generator (Solar Panel Optional),500W 9-Port Powerhouse, 4 AC Outlets, 60W USB-C PD Output, LED Light for Outdoor Camping",Anker,$339.99,$339.99,0%,4.6,371,7%,,"Patio, Lawn & Garden",Generators,IN_STOCK,US,https://www.amazon.com/dp/B099YTV51Q,,No,No
B0D62P85ZR,"Anker SOLIX C200 DC Power Bank Station, 192Wh Portable Power Station, LiFePO4 Battery, 200W Solar Generator, for Outdoor Camping, Traveling, and Emergencies (No Wall Charger Included)",Anker,$169.99,$119.98,29%,4.5,883,7%,,"Patio, Lawn & Garden",Generators,IN_STOCK,US,https://www.amazon.com/dp/B0D62P85ZR,,No,No
B0CBB6HFMM,"Anker SOLIX F2000 Solar Generator, 2048Wh Portable Power Station with LiFePO4 Batteries and 400W Solar Panel, GaNPrime Technology, 4 AC Outlets Up to 2400W for Home, Power Outages, Camping, ",Anker,$1399.00,$1299.99,7%,4.2,120,13%,,"Patio, Lawn & Garden",Generators,IN_STOCK,US,https://www.amazon.com/dp/B0CBB6HFMM,,No,No
B0C2PVYBFD,"Anker SOLIX F2000 Portable Power Station, Powerhouse 767, 2048Wh GaNPrime Solar Generator with 100W Solar Panel, LiFePO4 Batteries, 4 AC Outlets Up to 2400W for Home, Power Outage, Outdoor C",Anker,$1049.99,$1049.99,0%,4.1,50,13%,,"Patio, Lawn & Garden",Generators,IN_STOCK,US,https://www.amazon.com/dp/B0C2PVYBFD,,No,No
B0BHSHFWMF,"Anker SOLIX F2000 Portable Power Station, PowerHouse 767 and 760 Expansion Battery, 4096Wh LiFePO4 Battery with 4 AC Outlets Up to 2400W, GaNPrime Solar Generator for Home, Outdoor Camping, ",Anker,$2999.00,$1698.99,43%,4.4,87,13%,,"Patio, Lawn & Garden",Generators,IN_STOCK,US,https://www.amazon.com/dp/B0BHSHFWMF,,No,No
B0BHSG492S,"Anker SOLIX F2000 Solar Generator, 2048Wh Portable Power Station with LiFePO4 Batteries and 2× 200W Solar Panel, GaNPrime Technology, 4 AC Outlets Up to 2400W for Home, Power Outages, Campin",Anker,$1599.99,$1399.99,12%,4.1,126,13%,,"Patio, Lawn & Garden",Generators,IN_STOCK,US,https://www.amazon.com/dp/B0BHSG492S,,No,No
B0CDGLKF3D,"Anker SOLIX C1000 Portable Power Station with 400W Solar Panel, 1800W Solar Generator, 1056wh LFP (LiFePO4) Battery, 6 AC Outlets, Up to 2400W for Home, Power Outages, and Outdoor Camping",Anker,$999.99,$829.99,17%,4.4,43,13%,,"Patio, Lawn & Garden",Generators,IN_STOCK,US,https://www.amazon.com/dp/B0CDGLKF3D,,No,No
B0CDGKSHWK,"Anker SOLIX C1000 Portable Power Station with 100W Solar Panel, 1800W Solar Generator, 1056wh LFP (LiFePO4) Battery, 6 AC Outlets, Up to 2400W for Home, Power Outages, and Outdoor Camping",Anker,$1328.00,$579.99,56%,4.6,137,13%,,"Patio, Lawn & Garden",Generators,IN_STOCK,US,https://www.amazon.com/dp/B0CDGKSHWK,,No,No
B0CJ8YBG19,"Anker SOLIX C1000 Portable Power Station and BP1000 Expansion Battery, 1800W Solar Generator, Full Charge in 58 Min, 2112Wh LiFePO4 Battery for Outdoor Camping and Home Backup (Optional Sola",Anker,$979.00,$829.99,15%,4.6,123,13%,,"Patio, Lawn & Garden",Generators,IN_STOCK,US,https://www.amazon.com/dp/B0CJ8YBG19,,No,No
B0DBLQGHD5,"Anker SOLIX C300 DC Power Bank Station and 60W Solar Panel, 288Wh Portable Power Station, LiFePO4 Battery, 300W Solar Generator, for Outdoor, Camping, Traveling, and Emergencies",Anker,$299.00,$246.99,17%,4.5,219,13%,,"Patio, Lawn & Garden",Generators,IN_STOCK,US,https://www.amazon.com/dp/B0DBLQGHD5,,No,No
B0BX64LGFT,"Anker SOLIX F2000 Portable Power Station, PowerHouse 767, 2048Wh GaNPrime Solar Generator with 200W Solar Panel, LiFePO4 Batteries, 4 AC Outlets Up to 2400W for Home, Power Outage, Outdoor C",Anker,$1149.99,$1149.99,0%,4.5,156,13%,,"Patio, Lawn & Garden",Generators,IN_STOCK,US,https://www.amazon.com/dp/B0BX64LGFT,,No,No
B0CDGKRX4X,"Anker SOLIX C1000 Portable Power Station with 200W Solar Panel, 1800W Solar Generator, 1056wh LFP (LiFePO4) Battery, 6 AC Outlets, Up to 2400W for Home, Power Outages, and Outdoor Camping",Anker,$1299.00,$649.99,49%,4.5,468,13%,,"Patio, Lawn & Garden",Generators,IN_STOCK,US,https://www.amazon.com/dp/B0CDGKRX4X,,No,No
B09XM7WDZ2,"Anker SOLIX F2000 Portable Power Station, PowerHouse 767, 2400W Solar Generator, GaNPrime Battery Generators for Home Use, LiFePO4 Power Station for Outdoor Camping, and RVs (Solar Panel Opt",Anker,$1999.00,$899.99,54%,4.4,527,13%,,"Patio, Lawn & Garden",Generators,IN_STOCK,US,https://www.amazon.com/dp/B09XM7WDZ2,,No,No
B0C5C89QKZ,"Anker SOLIX C1000 Portable Power Station, 1800W (Peak 2400W) Solar Generator, Full Charge in 58 Min, 1056wh LiFePO4 Battery for Home Backup, Power Outages, and Outdoor Camping (Optional Sola",Anker,$499.99,$449.99,10%,4.7,1742,13%,,"Patio, Lawn & Garden",Generators,IN_STOCK,US,https://www.amazon.com/dp/B0C5C89QKZ,,No,No
B0D62PMB3R,"Anker SOLIX C300 DC Power Bank Station, Outdoor 288Wh Portable Power Station, LiFePO4 Battery, 300W Solar Generator, for Camping, Traveling, and Emergencies (No Wall Charger Included)",Anker,$249.99,$169.99,32%,4.6,1556,3%,,"Patio, Lawn & Garden",Generators,IN_STOCK,US,https://www.amazon.com/dp/B0D62PMB3R,,No,No
B0D1FXM49L,"Membrane Solutions 150 GPD Reverse Osmosis Membrane 12"" x 2"" RO Membrane Water Filter Replacement Fits Under Sink RO Drinking Water Purifier System, 50-Pack",Membrane Solutions,$849.99,$849.99,0%,4.6,3195,15%,,Tools & Home Improvement,Replacement Under-Sink Water Filters,IN_STOCK,US,https://www.amazon.com/dp/B0D1FXM49L,,No,No
B0CPL4FCHD,"Membrane Solutions 400 GPD RO Membrane 3.0""x12"" Reverse Osmosis Membrane Water Filter Replacement for Under Sink Home RO Water Purifier System and Maple Sap Syrup DIY, Aquariums (5 Pack)",Membrane Solutions,$259.99,$259.99,0%,4.6,3195,15%,,Tools & Home Improvement,Replacement Under-Sink Water Filters,IN_STOCK,US,https://www.amazon.com/dp/B0CPL4FCHD,,No,No
B0BRRV6C7R,"Membrane Solutions Reverse Osmosis Membrane 150 GPD 12"" x 2"" RO Membrane Water Filter Replacement Fits Under Sink RO Drinking Water Purifier System, 25-Pack",Membrane Solutions,$599.99,$599.99,0%,4.6,3195,15%,,Tools & Home Improvement,Replacement Under-Sink Water Filters,IN_STOCK,US,https://www.amazon.com/dp/B0BRRV6C7R,,No,No
B0CLGCBPGY,"xTool F1 2-in-1 Dual Laser and Infrared Engraver with Slide Extension, Rotary Extension and Smoke Purifier, Lightning Speed Portable Fiber Laser Engraver for Metal Wood",xTool,$2399.00,$2399.00,0%,4.5,147,6%,,"Arts, Crafts & Sewing",Engraving Machines & Tools,IN_STOCK,US,https://www.amazon.com/dp/B0CLGCBPGY,,No,No
B0CGHXCHDG,"xTool S1 20W Laser Engraver and Cutter Machine with Air Assist & Honeycomb, 23.93"" x 15.16"" Bed Size, Beginner-Friendly, Laser Engravering Machine for Wood and Metal, Acrylic, etc. - Basic B",xTool,$1219.00,$999.00,18%,4.6,90,6%,,"Arts, Crafts & Sewing",Engraving Machines & Tools,IN_STOCK,US,https://www.amazon.com/dp/B0CGHXCHDG,,No,No
B0GTV71SDK,"Astercook 23 Pcs Pots and Pans Set Non Stick, Ceramic Cookware Set Detachable Handle, RV Kitchen Cooking Set Removable Handles, Oven Safe, Induction Ready, Stackable, Pink, Mothers Day Gifts",Astercook,$129.99,$129.99,0%,4.5,7925,10%,,Home & Kitchen,Cookware Sets,IN_STOCK,US,https://www.amazon.com/dp/B0GTV71SDK,,No,No
B0GTV3GFTZ,"Astercook 23 Pcs Pots and Pans Set Non Stick, Ceramic Cookware Set Detachable Handle, RV Kitchen Cooking Set Removable Handles, Oven Safe, Induction Ready, Stackable, Black, Mothers Day Gift",Astercook,$129.99,$129.99,0%,4.5,7925,10%,,Home & Kitchen,Cookware Sets,IN_STOCK,US,https://www.amazon.com/dp/B0GTV3GFTZ,,No,No
B09JP62T59,"DREO Smart Tower Fan WiFi Voice Control, Works with Alexa/Google,Floor Standing Bladeless Oscillating Fan with Remote, 6 Speeds, 4 Modes, 12H Timer, for Indoor Bedroom Home Office",DREO,$109.99,$109.99,0%,4.6,30624,10%,,Home & Kitchen,Tower Fans,IN_STOCK,US,https://www.amazon.com/dp/B09JP62T59,,No,No
B0GVWDMG5K,"Coolife Luggage 3 Piece Set Hardside Lightweight Suitcases: Upgraded Durable PC Travel Luggage with Dual Spinner Wheels & TSA Lock, 20/24/28 (20'' Expandable Only), Dark Purple",Coolife,$159.99,$159.99,0%,4.5,28,,10.00,"Clothing, Shoes & Jewelry",Luggage Sets,IN_STOCK,US,https://www.amazon.com/dp/B0GVWDMG5K,,No,Yes
B0GWQ5JVP6,"Coolife Hardside Luggage Upgrade Durable PC Lightweight Travel Suitcases with Dual Spinner Wheels & TSA Lock (Brown, Checked-Large 28-Inch)",Coolife,$119.99,$119.99,0%,4.5,28,,10.00,"Clothing, Shoes & Jewelry",Carry-Ons,IN_STOCK,US,https://www.amazon.com/dp/B0GWQ5JVP6,,No,Yes
B0GWPX3WF6,"Coolife Hardside Luggage Upgrade Durable PC Lightweight Travel Suitcases with Dual Spinner Wheels & TSA Lock (Black, Checked-Large 28-Inch)",Coolife,$179.99,$119.99,33%,4.5,28,,10.00,"Clothing, Shoes & Jewelry",Carry-Ons,IN_STOCK,US,https://www.amazon.com/dp/B0GWPX3WF6,,No,Yes
B0GWPX5GN2,"Coolife Hardside Luggage Upgrade Durable PC Lightweight Travel Suitcases with Dual Spinner Wheels & TSA Lock (Light Green, Checked-Large 28-Inch)",Coolife,$119.99,$119.99,0%,4.5,28,,10.00,"Clothing, Shoes & Jewelry",Carry-Ons,IN_STOCK,US,https://www.amazon.com/dp/B0GWPX5GN2,,No,Yes
B0GWPWJ9XJ,"Coolife Hardside Luggage Upgrade Durable PC Lightweight Travel Suitcases with Dual Spinner Wheels & TSA Lock (Dark Purple, Checked-Large 28-Inch)",Coolife,$119.99,$119.99,0%,4.5,28,,10.00,"Clothing, Shoes & Jewelry",Carry-Ons,IN_STOCK,US,https://www.amazon.com/dp/B0GWPWJ9XJ,,No,Yes
B0GWPWPC1B,"Coolife Hardside Luggage Upgrade Durable PC Lightweight Travel Suitcases with Dual Spinner Wheels & TSA Lock (Light Purple, Checked-Medium 24-Inch)",Coolife,$109.99,$109.99,0%,4.5,28,,10.00,"Clothing, Shoes & Jewelry",Carry-Ons,IN_STOCK,US,https://www.amazon.com/dp/B0GWPWPC1B,,No,Yes
B0GWQ5V83V,"Coolife Hardside Luggage Upgrade Durable PC Lightweight Travel Suitcases with Dual Spinner Wheels & TSA Lock (Light Purple, Checked-Large 28-Inch)",Coolife,$119.99,$119.99,0%,4.5,28,,10.00,"Clothing, Shoes & Jewelry",Carry-Ons,IN_STOCK,US,https://www.amazon.com/dp/B0GWQ5V83V,,No,Yes
B0GWPYL84G,"Coolife Hardside Luggage Upgrade Durable PC Lightweight Travel Suitcases with Dual Spinner Wheels & TSA Lock (Black, Checked-Medium 24-Inch)",Coolife,$109.99,$109.99,0%,4.5,28,,10.00,"Clothing, Shoes & Jewelry",Carry-Ons,IN_STOCK,US,https://www.amazon.com/dp/B0GWPYL84G,,No,Yes
B0GWQ5W2FN,"Coolife Hardside Luggage Upgrade Durable PC Lightweight Travel Suitcases with Dual Spinner Wheels & TSA Lock (Light Green, Checked-Medium 24-Inch)",Coolife,$109.99,$109.99,0%,4.5,28,,10.00,"Clothing, Shoes & Jewelry",Suitcases,IN_STOCK,US,https://www.amazon.com/dp/B0GWQ5W2FN,,No,Yes
B0DQWB2YLK,"eufy Security Baby Monitor E21 Add-On Camera, 4K UHD Resolution, 330° Pan and 60° Tilt, 8× Zoom, Night Vision, 5000mAh Built-in Battery, ANR",eufy Security,$129.99,$129.99,0%,4.0,95,7%,,Baby Products,Video Monitors,IN_STOCK,US,https://www.amazon.com/dp/B0DQWB2YLK,,No,No
B0GWKX5T7Y,"SEESII 2-in-1 Electric Pole Saws: Brushless Mini Chainsaw Cordless 6 Inch, 2 x 4000mAh Batteries, Pole Saw for Tree Trimming,Hand held Small Chain Saw with Extension Pole for Tree Limb Branc",SEESII US,$149.99,$149.99,0%,4.6,14960,15%,,"Patio, Lawn & Garden",Chainsaws,IN_STOCK,US,https://www.amazon.com/dp/B0GWKX5T7Y,,No,No
B0GF1DDDJ5,"Seesii Impact Wrench 1/2"" & Cordless Ratchet Wrench 3/8""",SEESII US,$179.99,$179.99,0%,4.4,514,15%,,Tools & Home Improvement,Impact Wrenches,IN_STOCK,US,https://www.amazon.com/dp/B0GF1DDDJ5,,No,No
B0DPHGPLGM,"AIPER EcoSurfer S2 Solar Powered Pool Surface Skimmer Robot with APP Support, 24/7 Continuous Cleaning, Dual Charging Modes, Smart Obstacle Avoidance, 150-um Filtration, OTA Upgrade, Blue",Aiper US,$849.99,$849.99,0%,4.6,1893,10%,,"Patio, Lawn & Garden",Robotic Pool Cleaners,IN_STOCK,US,https://www.amazon.com/dp/B0DPHGPLGM,,No,No
B0CZHHCG9D,"WOLFBOX Level 2 EV Charger 40amp - NEMA 14-50 EVSE with J1772 Connector - CSA Certified Wall Home EV Charger - 25FT Cable,Outdoor/Indoor,RFID Card,WiFi Enabled, 240V Electric Vehicle Chargin",WOLFBOX,$359.99,$341.99,5%,4.5,164,15%,,Automotive,Charging Stations,IN_STOCK,US,https://www.amazon.com/dp/B0CZHHCG9D,,No,No
B0GN9LCQTQ,"DREO TurboCool Misting Fan 765S, Fans that Blow Cold Air, 10°F Cooling, 34ft/s Fast Evaporative Air Cooler, 6L Tank, 20 dB Quiet DC Motor, 90° Tower Fan with 12 Speeds, 4 Modes for Home, Sil",DREO,$199.99,$199.99,0%,4.0,51,10%,,Home & Kitchen,Evaporative Coolers,IN_STOCK,US,https://www.amazon.com/dp/B0GN9LCQTQ,,No,No
B0CW1NZ48V,"DREO Portable Air Conditioner 543S, 11,000 BTU ASHRAE (7200 BTU DOE) Smart AC Unit for Bedroom with Drainage-free Cooling, Fan&Dehumidifier 3 in 1, APP/Voice/Remote, Quiet Standing AC for Ro",DREO,$499.99,$499.99,0%,4.4,309,10%,,Home & Kitchen,Portable,IN_STOCK,US,https://www.amazon.com/dp/B0CW1NZ48V,,No,No
B0GD6QZXKN,"YESWELDER Intelligent Auto-Adjustment Auto-Darkening Welding Helmet, 180° Panoramic View, True Color 1/1/1/1, Internal Digital Display, Wide Shade 3/4-8/9-14, for MIG/TIG/Stick/Tack/Grind/Cu",YESWELDER,$139.99,$118.99,15%,4.2,192,15%,,Tools & Home Improvement,Welding Helmets,IN_STOCK,US,https://www.amazon.com/dp/B0GD6QZXKN,,No,No
B0FL6XGJLX,"SEESII 6-in-1 Cordless Pole Saw & Hedge Trimmer Combo, Electric Mini Chainsaw with 2×4.0 Ah Batteries, Extendable Tree Pruner, Bush Trimmer Limb Branch Cutter, Grass Shears, 15Ft Long Reach",SEESII US,$179.98,$149.99,16%,4.3,1215,15%,,"Patio, Lawn & Garden",Pole Saws,IN_STOCK,US,https://www.amazon.com/dp/B0FL6XGJLX,,No,No
B071P6GZN5,Worx WX572L 5.5 Amp BladeRunner Portable Electric Table Top Saw,WORX US_AMZ,$179.99,$119.00,33%,4.3,1094,1%,,Tools & Home Improvement,Table Saws,IN_STOCK,US,https://www.amazon.com/dp/B071P6GZN5,,No,No
B085121R1H,"WORX 20V 12‘’ Cordless String Trimmer & 360 CFM Leaf Blower Combo, 2 Batteries & Charger Included, WG929",WORX US_AMZ,$159.00,$159.00,0%,4.3,23,1%,,"Patio, Lawn & Garden",String Trimmers,IN_STOCK,US,https://www.amazon.com/dp/B085121R1H,,No,No
B075MYLPQS,"Worx WG322 20V Power Share 10"" Cordless Chainsaw with Auto-Tension",WORX US_AMZ,$159.99,$134.99,15%,4.4,3868,1%,,"Patio, Lawn & Garden",Chainsaws,IN_STOCK,US,https://www.amazon.com/dp/B075MYLPQS,,No,No
B0H2LB2383,"Aiper Scuba X1 Pro Max All-in-One Pool Cleaning Robot & Skimmer with 8,500 GPH Suction, Ultra-fine Filtration, Smart Surface Parking, for All Inground Pools, Blue",Aiper US,$2199.99,$1799.00,18%,4.3,128,10%,,"Patio, Lawn & Garden",Robotic Pool Cleaners,IN_STOCK,US,https://www.amazon.com/dp/B0H2LB2383,,No,No
B0GG97427D,"AIPER Scuba V3 AI Vision Cordless Robotic Pool Cleaner, Include Wireless Charging Dock, Smart Waterline Parking & Featherlight Design, Micromesh Multi-Layer Filtration, Grey",Aiper US,$1399.99,$899.99,35%,4.4,86,10%,,"Patio, Lawn & Garden",Robotic Pool Cleaners,IN_STOCK,US,https://www.amazon.com/dp/B0GG97427D,,No,No
