ASIN,产品名称,品牌关键词,搜索量,CPC,价格,佣金,评论数,评分
B0C3LZGMKK,Membrane Solutions UV Countertop Gravity Water Fil,Membrane Solutions Membrane,N/A,N/A,103.99,15%,64,4.7
B09JP62T59,"DREO Smart Tower Fan WiFi Voice Control, Works wit",DREO DREO,N/A,N/A,109.99,10%,30624,4.6
B0GWPWPC1B,Coolife Hardside Luggage Upgrade Durable PC Lightw,Coolife Coolife,N/A,N/A,109.99,,28,4.5
B0GWPYL84G,Coolife Hardside Luggage Upgrade Durable PC Lightw,Coolife Coolife,N/A,N/A,109.99,,28,4.5
B0GWQ5W2FN,Coolife Hardside Luggage Upgrade Durable PC Lightw,Coolife Coolife,N/A,N/A,109.99,,28,4.5
B0GD6QZXKN,YESWELDER Intelligent Auto-Adjustment Auto-Darkeni,YESWELDER YESWELDER,N/A,N/A,118.99,15%,192,4.2
B071P6GZN5,Worx WX572L 5.5 Amp BladeRunner Portable Electric ,WORX US_AMZ Worx,N/A,N/A,119.00,1%,1094,4.3
B0D62P85ZR,"Anker SOLIX C200 DC Power Bank Station, 192Wh Port",Anker Anker,N/A,N/A,119.98,7%,883,4.5
B0G6KDY2SX,"SEESII Electric Pruning Shears Cordless: 2.2"" Cutt",SEESII US SEESII,N/A,N/A,119.99,15%,38,4.8
B0GWQ6WYZ8,Coolife Hardside Luggage Upgrade Durable PC Lightw,Coolife Coolife,N/A,N/A,119.99,,30,4.6
B0BNJYSVVS,"Worx Nitro 20V Cordless 1/2"" Drill Driver With Bru",WORX US_AMZ Worx,N/A,N/A,119.99,1%,136,4.7
B0GWQ5JVP6,Coolife Hardside Luggage Upgrade Durable PC Lightw,Coolife Coolife,N/A,N/A,119.99,,28,4.5
B0GWPX3WF6,Coolife Hardside Luggage Upgrade Durable PC Lightw,Coolife Coolife,N/A,N/A,119.99,,28,4.5
B0GWPX5GN2,Coolife Hardside Luggage Upgrade Durable PC Lightw,Coolife Coolife,N/A,N/A,119.99,,28,4.5
B0GWPWJ9XJ,Coolife Hardside Luggage Upgrade Durable PC Lightw,Coolife Coolife,N/A,N/A,119.99,,28,4.5
B0GWQ5V83V,Coolife Hardside Luggage Upgrade Durable PC Lightw,Coolife Coolife,N/A,N/A,119.99,,28,4.5
B0C77JH9PD,"Mom's Choice-GROWNSY Baby Gate for Stairs, 29.5""-4",GROWNSY Mom's,N/A,N/A,129.00,17%,621,4.3
B0DY1C8J81,"Cosori 9-in-1 TurboBlaze Air Fryer 6 Qt, Premium C",COSORI Cosori,N/A,N/A,129.99,0%,19855,4.8
B0GTKC8KDV,"Outdoor Potting Bench with Storage, Outdoor Garden",Petscosset Outdoor,N/A,N/A,129.99,20%,135,4.1
B0GN23ZMPF,Potting Bench Table & Outdoor Storage Cabinet with,Petscosset Potting,N/A,N/A,129.99,20%,190,4.1
B0CL3XB8QS,Coolife Luggage 3 Piece Set Suitcase Spinner ABS+P,Coolife Coolife,N/A,N/A,129.99,,635,4.6
B0GTV71SDK,"Astercook 23 Pcs Pots and Pans Set Non Stick, Cera",Astercook Astercook,N/A,N/A,129.99,10%,7925,4.5
B0GTV3GFTZ,"Astercook 23 Pcs Pots and Pans Set Non Stick, Cera",Astercook Astercook,N/A,N/A,129.99,10%,7925,4.5
B0DQWB2YLK,"eufy Security Baby Monitor E21 Add-On Camera, 4K U",eufy Security eufy,N/A,N/A,129.99,7%,95,4.0
B075MYLPQS,"Worx WG322 20V Power Share 10"" Cordless Chainsaw w",WORX US_AMZ Worx,N/A,N/A,134.99,1%,3868,4.4
B0CL3WSX9B,Coolife Luggage 3 Piece Set Suitcase Spinner ABS+P,Coolife Coolife,N/A,N/A,139.99,,635,4.6
B0GLX2GZ7P,"Soundcore AeroFit 2 Pro by Anker, Open-Ear with Se",soundcore Soundcore,N/A,N/A,149.99,10%,115,4.2
B0GWKX5T7Y,SEESII 2-in-1 Electric Pole Saws: Brushless Mini C,SEESII US SEESII,N/A,N/A,149.99,15%,14960,4.6
B0FL6XGJLX,SEESII 6-in-1 Cordless Pole Saw & Hedge Trimmer Co,SEESII US SEESII,N/A,N/A,149.99,15%,1215,4.3
B085121R1H,WORX 20V 12‘’ Cordless String Trimmer & 360 CFM Le,WORX US_AMZ WORX,N/A,N/A,159.00,1%,23,4.3
B0D1R47YCH,"eufy Security Solar Wall Light Cam S120 (2-Pack), ",eufy Security eufy,N/A,N/A,159.98,6%,1633,4.1
B0D3PK2JQ8,"Anker Prime Power Bank, 27,650mAh 3-Port 250W Port",Anker Anker,N/A,N/A,159.99,9%,616,4.5
B0GVWDMG5K,Coolife Luggage 3 Piece Set Hardside Lightweight S,Coolife Coolife,N/A,N/A,159.99,,28,4.5
B0D62PMB3R,"Anker SOLIX C300 DC Power Bank Station, Outdoor 28",Anker Anker,N/A,N/A,169.99,3%,1556,4.6
B0FMK7B191,"Soundcore AeroFit 2 Pro by Anker, Open-Ear and Act",soundcore Soundcore,N/A,N/A,179.99,3%,114,4.2
B0FMJP7T3M,"Soundcore AeroFit 2 Pro by Anker, Open-Ear and Act",soundcore Soundcore,N/A,N/A,179.99,3%,114,4.2
B0FMK8VMD8,"Soundcore AeroFit 2 Pro by Anker, Open-Ear and Act",soundcore Soundcore,N/A,N/A,179.99,3%,114,4.2
B0DBLMHRQ7,Anker SOLIX C200 DC Power Bank Station and 60W Sol,Anker Anker,N/A,N/A,179.99,7%,178,4.7
B0GF1DDDJ5,"Seesii Impact Wrench 1/2"" & Cordless Ratchet Wrenc",SEESII US Seesii,N/A,N/A,179.99,15%,514,4.4
B0GQH6134D,"eufy Security eufy Smart Display E10, Smart Home H",eufy Security eufy,N/A,N/A,199.99,3%,359,4.2
B0GN9LCQTQ,"DREO TurboCool Misting Fan 765S, Fans that Blow Co",DREO DREO,N/A,N/A,199.99,10%,51,4.0
B0CYSD1C6Y,Anker SOLIX PS100 Solar Panel with Adjustable Kick,Anker Anker,N/A,N/A,209.00,13%,208,4.5
B0CYZD34VF,"eufy Security Heated Breast Pump S1, Hands-Free Br",eufy Security eufy,N/A,N/A,239.99,3%,616,4.4
B0DBLQGHD5,Anker SOLIX C300 DC Power Bank Station and 60W Sol,Anker Anker,N/A,N/A,246.99,13%,219,4.5
B0DRFX1YDD,"Anker SOLIX EverFrost 2 Removable Battery, for 42 ",Anker Anker,N/A,N/A,249.00,13%,26,4.3
B0C7VLHMQR,"roborock Q5 Pro Robot Vacuum and Mop Combo, 5500Pa",Roborock Amazon US roborock,N/A,N/A,249.99,13%,2784,4.0
B0CPL4FCHD,"Membrane Solutions 400 GPD RO Membrane 3.0""x12"" Re",Membrane Solutions Membrane,N/A,N/A,259.99,15%,3195,4.6
B099YTV51Q,Anker 535 Portable Power Station with Carrying Cas,Anker Anker,N/A,N/A,339.99,7%,371,4.6
B0CZHHCG9D,WOLFBOX Level 2 EV Charger 40amp - NEMA 14-50 EVSE,WOLFBOX WOLFBOX,N/A,N/A,341.99,15%,164,4.5
B0CYZLT7M2,"eufy Security Heated Wearable Breast Pump S1 Pro, ",eufy Security eufy,N/A,N/A,349.99,3%,1625,4.2
B0CH83FLW1,"Anker SOLIX BP1000 Expansion Battery (1056Wh), LiF",Anker Anker,N/A,N/A,399.99,13%,223,4.6
B0B1H8392Z,"Anker 535 Solar Generator, Powerhouse 512Wh with 1",Anker Anker,N/A,N/A,449.99,7%,53,4.3
B0BK8YWY9Q,Anker SOLIX PS200 Solar Panel with Adjustable Kick,Anker Anker,N/A,N/A,449.99,13%,130,4.4
B0C5C89QKZ,"Anker SOLIX C1000 Portable Power Station, 1800W (P",Anker Anker,N/A,N/A,449.99,13%,1742,4.7
B0CW1NZ48V,"DREO Portable Air Conditioner 543S, 11,000 BTU ASH",DREO DREO,N/A,N/A,499.99,10%,309,4.4
B0GTYYBQYX,"Aiper 2026 Scuba S1 Robotic Pool Cleaner, Weekly C",Aiper US Aiper,N/A,N/A,549.99,10%,798,4.5
B0F9W6DZ1J,YESWELDER 6-In-1 Multifunctional Welders Combo&Pla,YESWELDER YESWELDER,N/A,N/A,569.99,15%,54,4.4
B0CDGKSHWK,Anker SOLIX C1000 Portable Power Station with 100W,Anker Anker,N/A,N/A,579.99,13%,137,4.6
B0BRRV6C7R,Membrane Solutions Reverse Osmosis Membrane 150 GP,Membrane Solutions Membrane,N/A,N/A,599.99,15%,3195,4.6
B0C7VN9NWK,"roborock Q5 Pro+ Robot Vacuum and Mop, Self-Emptyi",Roborock Amazon US roborock,N/A,N/A,648.27,13%,18394,4.0
B0CDGKRX4X,Anker SOLIX C1000 Portable Power Station with 200W,Anker Anker,N/A,N/A,649.99,13%,468,4.5
B0BWQJ19M4,Anker SOLIX PS400 Solar Panel with Adjustable Kick,Anker Anker,N/A,N/A,699.99,13%,73,4.3
B0GK5LZGN6,Anker SOLIX C1000 Portable Power Station with Alte,Anker Anker,N/A,N/A,778.99,3%,2301,4.6
B0BNPZY6PS,Anker Powerhouse 760 Portable Power Station Expans,Anker Anker,N/A,N/A,799.99,13%,57,4.6
B0CDGLKF3D,Anker SOLIX C1000 Portable Power Station with 400W,Anker Anker,N/A,N/A,829.99,13%,43,4.4
B0CJ8YBG19,Anker SOLIX C1000 Portable Power Station and BP100,Anker Anker,N/A,N/A,829.99,13%,123,4.6
B0D1FXM49L,Membrane Solutions 150 GPD Reverse Osmosis Membran,Membrane Solutions Membrane,N/A,N/A,849.99,15%,3195,4.6
B0DPHGPLGM,AIPER EcoSurfer S2 Solar Powered Pool Surface Skim,Aiper US AIPER,N/A,N/A,849.99,10%,1893,4.6
B09XM7WDZ2,"Anker SOLIX F2000 Portable Power Station, PowerHou",Anker Anker,N/A,N/A,899.99,13%,527,4.4
B0GG97427D,AIPER Scuba V3 AI Vision Cordless Robotic Pool Cle,Aiper US AIPER,N/A,N/A,899.99,10%,86,4.4
B0CGHXCHDG,xTool S1 20W Laser Engraver and Cutter Machine wit,xTool xTool,N/A,N/A,999.00,6%,90,4.6
B0DNDTP9CJ,"Roborock Qrevo Edge S5A Robot Vacuum and Mop, 18,5",Roborock Amazon US Roborock,N/A,N/A,999.99,13%,487,4.3
B0C2PVYBFD,"Anker SOLIX F2000 Portable Power Station, Powerhou",Anker Anker,N/A,N/A,1049.99,13%,50,4.1
B0BX64LGFT,"Anker SOLIX F2000 Portable Power Station, PowerHou",Anker Anker,N/A,N/A,1149.99,13%,156,4.5
B0H11XS6Y4,(2026 New) AIPER Experts Duo: Scuba V3 & EcoSurfer,Aiper US (2026,N/A,N/A,1249.99,10%,148,4.3
B0CBB6HFMM,"Anker SOLIX F2000 Solar Generator, 2048Wh Portable",Anker Anker,N/A,N/A,1299.99,13%,120,4.2
B0BHSG492S,"Anker SOLIX F2000 Solar Generator, 2048Wh Portable",Anker Anker,N/A,N/A,1399.99,13%,126,4.1
B0BHSHFWMF,"Anker SOLIX F2000 Portable Power Station, PowerHou",Anker Anker,N/A,N/A,1698.99,13%,87,4.4
B0H2LB2383,Aiper Scuba X1 Pro Max All-in-One Pool Cleaning Ro,Aiper US Aiper,N/A,N/A,1799.00,10%,128,4.3
B0CLGCBPGY,xTool F1 2-in-1 Dual Laser and Infrared Engraver w,xTool xTool,N/A,N/A,2399.00,6%,147,4.5
